title,director,release_year,runtime,genre,rating,metascore,gross
The Shawshank Redemption,Frank Darabont,1994,142.0,Drama,9.3,82,28.34
The Godfather,Francis Ford Coppola,1972,175.0,"Crime, Drama",9.2,100,134.97
The Dark Knight,Christopher Nolan,2008,152.0,"Action, Crime, Drama",9.0,84,150.07375000000002
Schindler's List,Steven Spielberg,1993,190.5,"Biography, Drama, History",9.0,95,96.9
12 Angry Men,Sidney Lumet,1957,96.0,"Crime, Drama",9.0,97,4.36
The Lord of the Rings: The Return of the King,Peter Jackson,2003,190.5,"Action, Adventure, Drama",9.0,94,150.07375000000002
The Godfather Part II,Francis Ford Coppola,1974,190.5,"Crime, Drama",9.0,90,57.3
Spider-Man: Across the Spider-Verse,Joaquim Dos Santos,2023,140.0,"Animation, Action, Adventure",8.9,86,0.0
Pulp Fiction,Quentin Tarantino,1994,154.0,"Crime, Drama",8.9,95,107.93
Inception,Christopher Nolan,2010,148.0,"Action, Adventure, Sci-Fi",8.8,74,150.07375000000002
The Lord of the Rings: The Fellowship of the Ring,Peter Jackson,2001,178.0,"Action, Adventure, Drama",8.8,92,150.07375000000002
Fight Club,David Fincher,1999,139.0,Drama,8.8,67,37.03
Forrest Gump,Robert Zemeckis,1994,142.0,"Drama, Romance",8.8,82,150.07375000000002
"The Good, the Bad and the Ugly",Sergio Leone,1966,178.0,"Adventure, Western",8.8,90,6.1
The Lord of the Rings: The Two Towers,Peter Jackson,2002,179.0,"Action, Adventure, Drama",8.8,87,150.07375000000002
Jai Bhim,T.J. Gnanavel,2021,164.0,"Crime, Drama, Mystery",8.8,0,0.0
777 Charlie,Kiranraj K,2022,164.0,"Adventure, Comedy, Drama",8.8,0,0.0
Interstellar,Christopher Nolan,2014,169.0,"Adventure, Drama, Sci-Fi",8.7,74,150.07375000000002
Goodfellas,Martin Scorsese,1990,145.0,"Biography, Crime, Drama",8.7,92,46.84
The Matrix,Lana Wachowski,1999,136.0,"Action, Sci-Fi",8.7,73,150.07375000000002
One Flew Over the Cuckoo's Nest,Milos Forman,1975,133.0,Drama,8.7,84,112.0
Star Wars: Episode V - The Empire Strikes Back,Irvin Kershner,1980,124.0,"Action, Adventure, Fantasy",8.7,82,150.07375000000002
Rocketry: The Nambi Effect,Madhavan,2022,157.0,"Biography, Drama",8.7,0,0.0
Soorarai Pottru,Sudha Kongara,2020,153.0,"Action, Drama",8.7,0,0.0
The Green Mile,Frank Darabont,1999,189.0,"Crime, Drama, Fantasy",8.6,61,136.8
Terminator 2: Judgment Day,James Cameron,1991,137.0,"Action, Sci-Fi",8.6,75,150.07375000000002
Se7en,David Fincher,1995,127.0,"Crime, Drama, Mystery",8.6,65,100.13
Saving Private Ryan,Steven Spielberg,1998,169.0,"Drama, War",8.6,91,150.07375000000002
The Silence of the Lambs,Jonathan Demme,1991,118.0,"Crime, Drama, Thriller",8.6,86,130.74
Star Wars: Episode IV - A New Hope,George Lucas,1977,121.0,"Action, Adventure, Fantasy",8.6,90,150.07375000000002
Spirited Away,Hayao Miyazaki,2001,125.0,"Animation, Adventure, Family",8.6,96,10.06
City of God,Fernando Meirelles,2002,130.0,"Crime, Drama",8.6,79,7.56
Life Is Beautiful,Roberto Benigni,1997,116.0,"Comedy, Drama, Romance",8.6,59,57.6
Seven Samurai,Akira Kurosawa,1954,190.5,"Action, Drama",8.6,98,0.27
It's a Wonderful Life,Frank Capra,1946,130.0,"Drama, Family, Fantasy",8.6,89,0.0
Harakiri,Masaki Kobayashi,1962,133.0,"Action, Drama, Mystery",8.6,85,0.0
Sita Ramam,Hanu Raghavapudi,2022,163.0,"Action, Drama, Mystery",8.6,0,0.0
Back to the Future,Robert Zemeckis,1985,116.0,"Adventure, Comedy, Sci-Fi",8.5,87,150.07375000000002
The Departed,Martin Scorsese,2006,151.0,"Crime, Drama, Thriller",8.5,85,132.38
Gladiator,Ridley Scott,2000,155.0,"Action, Adventure, Drama",8.5,67,150.07375000000002
Alien,Ridley Scott,1979,117.0,"Horror, Sci-Fi",8.5,89,78.9
Parasite,Bong Joon Ho,2019,132.0,"Drama, Thriller",8.5,96,53.37
The Prestige,Christopher Nolan,2006,130.0,"Drama, Mystery, Sci-Fi",8.5,66,53.09
Whiplash,Damien Chazelle,2014,106.0,"Drama, Music",8.5,89,13.09
Léon: The Professional,Luc Besson,1994,110.0,"Action, Crime, Drama",8.5,64,19.5
The Lion King,Roger Allers,1994,88.0,"Animation, Adventure, Drama",8.5,88,150.07375000000002
The Usual Suspects,Bryan Singer,1995,106.0,"Crime, Drama, Mystery",8.5,77,23.34
Casablanca,Michael Curtiz,1942,102.0,"Drama, Romance, War",8.5,100,1.02
American History X,Tony Kaye,1998,119.0,"Crime, Drama",8.5,62,6.72
Psycho,Alfred Hitchcock,1960,109.0,"Horror, Mystery, Thriller",8.5,97,32.0
The Pianist,Roman Polanski,2002,150.0,"Biography, Drama, Music",8.5,85,32.57
The Intouchables,Olivier Nakache,2011,112.0,"Biography, Comedy, Drama",8.5,57,13.18
Once Upon a Time in the West,Sergio Leone,1968,165.0,Western,8.5,82,5.32
Grave of the Fireflies,Isao Takahata,1988,89.0,"Animation, Drama, War",8.5,94,0.0
Rear Window,Alfred Hitchcock,1954,112.0,"Mystery, Thriller",8.5,100,36.76
Cinema Paradiso,Giuseppe Tornatore,1988,155.0,"Drama, Romance",8.5,80,11.99
Modern Times,Charles Chaplin,1936,87.0,"Comedy, Drama, Romance",8.5,96,0.16
City Lights,Charles Chaplin,1931,87.0,"Comedy, Drama, Romance",8.5,99,0.02
96,C. Prem Kumar,2018,158.0,"Drama, Romance",8.5,0,0.0
Indiana Jones and the Raiders of the Lost Ark,Steven Spielberg,1981,115.0,"Action, Adventure",8.4,85,150.07375000000002
Spider-Man: Into the Spider-Verse,Bob Persichetti,2018,117.0,"Animation, Action, Adventure",8.4,87,150.07375000000002
Avengers: Endgame,Anthony Russo,2019,181.0,"Action, Adventure, Drama",8.4,78,150.07375000000002
Django Unchained,Quentin Tarantino,2012,165.0,"Drama, Western",8.4,81,150.07375000000002
Apocalypse Now,Francis Ford Coppola,1979,147.0,"Drama, Mystery, War",8.4,94,83.47
Aliens,James Cameron,1986,137.0,"Action, Adventure, Sci-Fi",8.4,84,85.16
Joker,Todd Phillips,2019,122.0,"Crime, Drama, Thriller",8.4,59,150.07375000000002
The Dark Knight Rises,Christopher Nolan,2012,164.0,"Action, Drama, Thriller",8.4,78,150.07375000000002
Avengers: Infinity War,Anthony Russo,2018,149.0,"Action, Adventure, Sci-Fi",8.4,68,150.07375000000002
The Shining,Stanley Kubrick,1980,146.0,"Drama, Horror",8.4,66,44.02
Oldboy,Park Chan-wook,2003,120.0,"Action, Drama, Mystery",8.4,77,0.71
Memento,Christopher Nolan,2000,113.0,"Mystery, Thriller",8.4,83,25.54
Amadeus,Milos Forman,1984,160.0,"Biography, Drama, Music",8.4,88,51.97
Come and See,Elem Klimov,1985,142.0,"Drama, Thriller, War",8.4,0,0.0
Coco,Lee Unkrich,2017,105.0,"Animation, Adventure, Drama",8.4,81,150.07375000000002
Your Name.,Makoto Shinkai,2016,106.0,"Animation, Drama, Fantasy",8.4,81,5.02
WALL·E,Andrew Stanton,2008,98.0,"Animation, Adventure, Family",8.4,95,150.07375000000002
3 Idiots,Rajkumar Hirani,2009,170.0,"Comedy, Drama",8.4,67,6.53
The Lives of Others,Florian Henckel von Donnersmarck,2006,137.0,"Drama, Mystery, Thriller",8.4,89,11.29
Dr. Strangelove or: How I Learned to Stop Worrying and Love the Bomb,Stanley Kubrick,1964,95.0,"Comedy, War",8.4,97,0.28
Das Boot,Wolfgang Petersen,1981,149.0,"Drama, War",8.4,86,11.49
Capernaum,Nadine Labaki,2018,126.0,Drama,8.4,75,1.66
Sunset Blvd.,Billy Wilder,1950,110.0,"Drama, Film-Noir",8.4,94,0.0
Paths of Glory,Stanley Kubrick,1957,88.0,"Drama, War",8.4,90,0.0
Witness for the Prosecution,Billy Wilder,1957,116.0,"Crime, Drama, Mystery",8.4,76,8.18
The Great Dictator,Charles Chaplin,1940,125.0,"Comedy, Drama, War",8.4,0,0.29
High and Low,Akira Kurosawa,1963,143.0,"Crime, Drama, Mystery",8.4,90,0.0
Kaithi,Lokesh Kanagaraj,2019,145.0,"Action, Adventure, Crime",8.4,0,0.0
Sardar Udham,Shoojit Sircar,2021,164.0,"Biography, Crime, Drama",8.4,0,0.0
Asuran,Vetrimaaran,2019,141.0,"Action, Drama",8.4,0,0.0
Drishyam 2,Jeethu Joseph,2021,152.0,"Crime, Drama, Thriller",8.4,0,0.0
Top Gun: Maverick,Joseph Kosinski,2022,130.0,"Action, Drama",8.3,78,150.07375000000002
Heat,Michael Mann,1995,170.0,"Action, Crime, Drama",8.3,76,67.44
Inglourious Basterds,Quentin Tarantino,2009,153.0,"Adventure, Drama, War",8.3,69,120.54
Full Metal Jacket,Stanley Kubrick,1987,116.0,"Drama, War",8.3,78,46.36
Scarface,Brian De Palma,1983,170.0,"Crime, Drama",8.3,65,45.6
American Beauty,Sam Mendes,1999,122.0,Drama,8.3,84,130.1
Requiem for a Dream,Darren Aronofsky,2000,102.0,Drama,8.3,71,3.64
Good Will Hunting,Gus Van Sant,1997,126.0,"Drama, Romance",8.3,70,138.43
Eternal Sunshine of the Spotless Mind,Michel Gondry,2004,108.0,"Drama, Romance, Sci-Fi",8.3,89,34.4
A Clockwork Orange,Stanley Kubrick,1971,136.0,"Crime, Sci-Fi",8.3,77,6.21
Vertigo,Alfred Hitchcock,1958,128.0,"Mystery, Romance, Thriller",8.3,100,3.2
Braveheart,Mel Gibson,1995,178.0,"Biography, Drama, History",8.3,68,75.6
2001: A Space Odyssey,Stanley Kubrick,1968,149.0,"Adventure, Sci-Fi",8.3,84,56.95
Reservoir Dogs,Quentin Tarantino,1992,99.0,"Crime, Thriller",8.3,81,2.83
Once Upon a Time in America,Sergio Leone,1984,190.5,"Crime, Drama",8.3,75,5.32
The Hunt,Thomas Vinterberg,2012,115.0,Drama,8.3,77,0.69
Toy Story,John Lasseter,1995,81.0,"Animation, Adventure, Comedy",8.3,96,150.07375000000002
Hamilton,Thomas Kail,2020,160.0,"Biography, Drama, History",8.3,89,0.0
Up,Pete Docter,2009,96.0,"Animation, Adventure, Comedy",8.3,88,150.07375000000002
Star Wars: Episode VI - Return of the Jedi,Richard Marquand,1983,131.0,"Action, Adventure, Fantasy",8.3,58,150.07375000000002
Amélie,Jean-Pierre Jeunet,2001,122.0,"Comedy, Romance",8.3,69,33.23
Incendies,Denis Villeneuve,2010,131.0,"Drama, Mystery",8.3,80,6.86
Lawrence of Arabia,David Lean,1962,190.5,"Adventure, Biography, Drama",8.3,100,44.82
Toy Story 3,Lee Unkrich,2010,103.0,"Animation, Adventure, Comedy",8.3,92,150.07375000000002
Princess Mononoke,Hayao Miyazaki,1997,134.0,"Animation, Action, Adventure",8.3,76,2.38
North by Northwest,Alfred Hitchcock,1959,136.0,"Action, Adventure, Mystery",8.3,98,13.28
To Kill a Mockingbird,Robert Mulligan,1962,129.0,"Crime, Drama",8.3,88,0.0
Citizen Kane,Orson Welles,1941,119.0,"Drama, Mystery",8.3,100,1.59
Singin' in the Rain,Stanley Donen,1952,103.0,"Comedy, Musical, Romance",8.3,99,8.82
Metropolis,Fritz Lang,1927,153.0,"Drama, Sci-Fi",8.3,98,1.24
The Sting,George Roy Hill,1973,129.0,"Comedy, Crime, Drama",8.3,83,150.07375000000002
A Separation,Asghar Farhadi,2011,123.0,Drama,8.3,95,7.1
M,Fritz Lang,1931,99.0,"Crime, Mystery, Thriller",8.3,0,0.03
The Apartment,Billy Wilder,1960,125.0,"Comedy, Drama, Romance",8.3,94,18.6
Dangal,Nitesh Tiwari,2016,161.0,"Action, Biography, Drama",8.3,0,12.39
Ikiru,Akira Kurosawa,1952,143.0,Drama,8.3,92,0.06
Judgment at Nuremberg,Stanley Kramer,1961,179.0,"Drama, War",8.3,60,0.0
Kantara,Rishab Shetty,2022,148.0,"Action, Adventure, Drama",8.3,0,0.0
Double Indemnity,Billy Wilder,1944,107.0,"Crime, Drama, Film-Noir",8.3,95,5.72
Like Stars on Earth,Aamir Khan,2007,165.0,"Drama, Family",8.3,0,1.22
Bicycle Thieves,Vittorio De Sica,1948,89.0,Drama,8.3,0,0.33
Ayla: The Daughter of War,Can Ulkay,2017,125.0,"Biography, Drama, History",8.3,0,0.0
K.G.F: Chapter 2,Prashanth Neel,2022,168.0,"Action, Crime, Drama",8.3,0,6.6
Vikram,Lokesh Kanagaraj,2022,175.0,"Action, Crime, Thriller",8.3,0,0.0
Chhichhore,Nitesh Tiwari,2019,143.0,"Comedy, Drama, Romance",8.3,0,0.9
The Kid,Charles Chaplin,1921,68.0,"Comedy, Drama, Family",8.3,0,5.45
Shershaah,Vishnuvardhan,2021,135.0,"Action, Biography, Drama",8.3,0,0.0
Raatchasan,Ram Kumar,2018,170.0,"Action, Crime, Drama",8.3,0,0.0
Drishyam,Jeethu Joseph,2013,160.0,"Crime, Drama, Thriller",8.3,0,0.0
Guardians of the Galaxy Vol. 3,James Gunn,2023,150.0,"Action, Adventure, Comedy",8.2,64,0.0
Indiana Jones and the Last Crusade,Steven Spielberg,1989,127.0,"Action, Adventure",8.2,65,150.07375000000002
The Wolf of Wall Street,Martin Scorsese,2013,180.0,"Biography, Comedy, Crime",8.2,75,116.9
Spider-Man: No Way Home,Jon Watts,2021,148.0,"Action, Adventure, Fantasy",8.2,71,150.07375000000002
There Will Be Blood,Paul Thomas Anderson,2007,158.0,Drama,8.2,93,40.22
Jurassic Park,Steven Spielberg,1993,127.0,"Action, Adventure, Sci-Fi",8.2,68,150.07375000000002
Shutter Island,Martin Scorsese,2010,138.0,"Mystery, Thriller",8.2,63,128.01
No Country for Old Men,Ethan Coen,2007,122.0,"Crime, Drama, Thriller",8.2,92,74.28
The Thing,John Carpenter,1982,109.0,"Horror, Mystery, Sci-Fi",8.2,57,13.78
Batman Begins,Christopher Nolan,2005,140.0,"Action, Crime, Drama",8.2,70,150.07375000000002
Taxi Driver,Martin Scorsese,1976,114.0,"Crime, Drama",8.2,94,28.26
1917,Sam Mendes,2019,119.0,"Action, Drama, War",8.2,78,150.07375000000002
Casino,Martin Scorsese,1995,178.0,"Crime, Drama",8.2,73,42.44
Snatch,Guy Ritchie,2000,102.0,"Comedy, Crime",8.2,55,30.33
Howl's Moving Castle,Hayao Miyazaki,2004,119.0,"Animation, Adventure, Family",8.2,82,4.71
Unforgiven,Clint Eastwood,1992,130.0,"Drama, Western",8.2,85,101.16
The Truman Show,Peter Weir,1998,103.0,"Comedy, Drama",8.2,90,125.62
Green Book,Peter Farrelly,2018,130.0,"Biography, Comedy, Drama",8.2,69,85.08
Kill Bill: Vol. 1,Quentin Tarantino,2003,111.0,"Action, Crime, Thriller",8.2,69,70.1
L.A. Confidential,Curtis Hanson,1997,138.0,"Crime, Drama, Mystery",8.2,91,64.62
The Sixth Sense,M. Night Shyamalan,1999,107.0,"Drama, Mystery, Thriller",8.2,64,150.07375000000002
Finding Nemo,Andrew Stanton,2003,100.0,"Animation, Adventure, Comedy",8.2,90,150.07375000000002
Die Hard,John McTiernan,1988,132.0,"Action, Thriller",8.2,72,83.01
A Beautiful Mind,Ron Howard,2001,135.0,"Biography, Drama",8.2,72,150.07375000000002
The Father,Florian Zeller,2020,97.0,"Drama, Mystery",8.2,88,0.0
Downfall,Oliver Hirschbiegel,2004,156.0,"Biography, Drama, History",8.2,82,5.51
Gone with the Wind,Victor Fleming,1939,190.5,"Drama, Romance, War",8.2,97,150.07375000000002
Chinatown,Roman Polanski,1974,130.0,"Drama, Mystery, Thriller",8.2,92,8.49
V for Vendetta,James McTeigue,2005,132.0,"Action, Drama, Sci-Fi",8.2,62,70.51
Pan's Labyrinth,Guillermo del Toro,2006,118.0,"Drama, Fantasy, War",8.2,98,37.63
The Great Escape,John Sturges,1963,172.0,"Adventure, Drama, History",8.2,86,12.1
Some Like It Hot,Billy Wilder,1959,121.0,"Comedy, Music, Romance",8.2,98,25.0
Monty Python and the Holy Grail,Terry Gilliam,1975,91.0,"Adventure, Comedy, Fantasy",8.2,91,1.23
The Elephant Man,David Lynch,1980,124.0,"Biography, Drama",8.2,78,0.0
Demon Slayer the Movie: Mugen Train,Haruo Sotozaki,2020,117.0,"Animation, Action, Adventure",8.2,72,47.7
The Secret in Their Eyes,Juan José Campanella,2009,129.0,"Drama, Mystery, Romance",8.2,80,6.39
For a Few Dollars More,Sergio Leone,1965,132.0,"Drama, Western",8.2,74,15.0
Ran,Akira Kurosawa,1985,162.0,"Action, Drama, War",8.2,97,4.14
Klaus,Sergio Pablos,2019,96.0,"Animation, Adventure, Comedy",8.2,65,0.0
Drishyam 2,Abhishek Pathak,2022,140.0,"Crime, Drama, Mystery",8.2,0,0.0
Dial M for Murder,Alfred Hitchcock,1954,105.0,"Crime, Thriller",8.2,75,0.01
All About Eve,Joseph L. Mankiewicz,1950,138.0,Drama,8.2,98,0.01
Baahubali 2: The Conclusion,S.S. Rajamouli,2017,167.0,"Action, Drama",8.2,0,20.19
Andhadhun,Sriram Raghavan,2018,139.0,"Crime, Mystery, Thriller",8.2,0,1.37
Gangs of Wasseypur,Anurag Kashyap,2012,190.5,"Action, Comedy, Crime",8.2,89,0.0
Rashomon,Akira Kurosawa,1950,88.0,"Crime, Drama, Mystery",8.2,98,0.1
The Treasure of the Sierra Madre,John Huston,1948,126.0,"Adventure, Drama, Western",8.2,98,5.01
Yojimbo,Akira Kurosawa,1961,110.0,"Action, Drama, Thriller",8.2,93,0.0
To Be or Not to Be,Ernst Lubitsch,1942,99.0,"Comedy, Romance, War",8.2,86,0.0
Drishyam,Nishikant Kamat,2015,163.0,"Crime, Drama, Mystery",8.2,0,0.74
Tumbbad,Rahi Anil Barve,2018,104.0,"Drama, Fantasy, Horror",8.2,0,0.0
Zindagi Na Milegi Dobara,Zoya Akhtar,2011,155.0,"Comedy, Drama, Musical",8.2,0,3.11
Miracle in Cell No. 7,Mehmet Ada Öztekin,2019,132.0,Drama,8.2,0,0.0
Pather Panchali,Satyajit Ray,1955,125.0,Drama,8.2,0,0.54
Z,Costa-Gavras,1969,127.0,"Crime, Drama, Thriller",8.2,86,0.08
Tokyo Story,Yasujirô Ozu,1953,136.0,Drama,8.2,100,0.0
Children of Heaven,Majid Majidi,1997,89.0,"Drama, Family, Sport",8.2,77,0.93
Uri: The Surgical Strike,Aditya Dhar,2019,138.0,"Action, Drama, History",8.2,0,4.19
Swades,Ashutosh Gowariker,2004,189.0,"Drama, Musical",8.2,0,1.22
The Wages of Fear,Henri-Georges Clouzot,1953,131.0,"Adventure, Drama, Thriller",8.2,85,0.0
K.G.F: Chapter 1,Prashanth Neel,2018,156.0,"Action, Crime, Drama",8.2,0,0.0
The Passion of Joan of Arc,Carl Theodor Dreyer,1928,114.0,"Biography, Drama, History",8.2,98,0.02
My Father and My Son,Çagan Irmak,2005,112.0,"Drama, Family",8.2,0,0.0
Sherlock Jr.,Buster Keaton,1924,50.5,"Action, Comedy, Romance",8.2,0,0.98
Dersu Uzala,Akira Kurosawa,1975,142.0,"Adventure, Biography, Drama",8.2,0,0.0
Umberto D.,Vittorio De Sica,1952,89.0,Drama,8.2,92,0.07
Vikram Vedha,Gayatri,2017,147.0,"Action, Crime, Drama",8.2,0,0.0
Paan Singh Tomar,Tigmanshu Dhulia,2012,135.0,"Action, Biography, Crime",8.2,0,0.04
Rangasthalam 1985,Sukumar,2018,170.0,"Action, Drama",8.2,0,3.51
Bhaag Milkha Bhaag,Rakeysh Omprakash Mehra,2013,186.0,"Biography, Drama, Sport",8.2,0,1.63
Jaws,Steven Spielberg,1975,124.0,"Adventure, Mystery, Thriller",8.1,87,150.07375000000002
The Grand Budapest Hotel,Wes Anderson,2014,99.0,"Adventure, Comedy, Crime",8.1,88,59.1
Prisoners,Denis Villeneuve,2013,153.0,"Crime, Drama, Mystery",8.1,70,61.0
Pirates of the Caribbean: The Curse of the Black Pearl,Gore Verbinski,2003,143.0,"Action, Adventure, Fantasy",8.1,63,150.07375000000002
Blade Runner,Ridley Scott,1982,117.0,"Action, Drama, Sci-Fi",8.1,84,32.87
The Terminator,James Cameron,1984,107.0,"Action, Sci-Fi",8.1,84,38.4
Mad Max: Fury Road,George Miller,2015,120.0,"Action, Adventure, Sci-Fi",8.1,90,150.07375000000002
Gone Girl,David Fincher,2014,149.0,"Drama, Mystery, Thriller",8.1,79,150.07375000000002
Ford v Ferrari,James Mangold,2019,152.0,"Action, Biography, Drama",8.1,81,117.62
The Help,Tate Taylor,2011,146.0,Drama,8.1,62,150.07375000000002
Logan,James Mangold,2017,137.0,"Action, Drama, Sci-Fi",8.1,77,150.07375000000002
Catch Me If You Can,Steven Spielberg,2002,141.0,"Biography, Crime, Drama",8.1,75,150.07375000000002
The Big Lebowski,Joel Coen,1998,117.0,"Comedy, Crime",8.1,71,17.5
Hacksaw Ridge,Mel Gibson,2016,139.0,"Biography, Drama, History",8.1,71,67.21
Stand by Me,Rob Reiner,1986,89.0,"Adventure, Drama",8.1,75,52.29
Ratatouille,Brad Bird,2007,111.0,"Animation, Adventure, Comedy",8.1,96,150.07375000000002
Harry Potter and the Deathly Hallows: Part 2,David Yates,2011,130.0,"Adventure, Family, Fantasy",8.1,85,150.07375000000002
The Exorcist,William Friedkin,1973,122.0,Horror,8.1,81,150.07375000000002
Inside Out,Pete Docter,2015,95.0,"Animation, Adventure, Comedy",8.1,94,150.07375000000002
The Handmaiden,Park Chan-wook,2016,145.0,"Drama, Romance, Thriller",8.1,85,2.01
Rocky,John G. Avildsen,1976,120.0,"Drama, Sport",8.1,70,117.24
On the Waterfront,Elia Kazan,1954,108.0,"Crime, Drama, Thriller",8.1,91,9.6
Fargo,Joel Coen,1996,98.0,"Crime, Thriller",8.1,86,24.61
Trainspotting,Danny Boyle,1996,93.0,Drama,8.1,83,16.5
The Wizard of Oz,Victor Fleming,1939,102.0,"Adventure, Family, Fantasy",8.1,92,2.08
"Three Billboards Outside Ebbing, Missouri",Martin McDonagh,2017,115.0,"Comedy, Crime, Drama",8.1,88,54.51
Dead Poets Society,Peter Weir,1989,128.0,"Comedy, Drama",8.1,79,95.86
Into the Wild,Sean Penn,2007,148.0,"Adventure, Biography, Drama",8.1,73,18.35
The Deer Hunter,Michael Cimino,1978,183.0,"Drama, War",8.1,86,48.98
"Monsters, Inc.",Pete Docter,2001,92.0,"Animation, Adventure, Comedy",8.1,79,150.07375000000002
Memories of Murder,Bong Joon Ho,2003,132.0,"Crime, Drama, Mystery",8.1,82,0.01
Room,Lenny Abrahamson,2015,118.0,"Drama, Thriller",8.1,86,14.68
Before Sunrise,Richard Linklater,1995,101.0,"Drama, Romance",8.1,77,5.54
Rush,Ron Howard,2013,123.0,"Action, Biography, Drama",8.1,74,26.95
12 Years a Slave,Steve McQueen,2013,134.0,"Biography, Drama, History",8.1,96,56.67
Spotlight,Tom McCarthy,2015,129.0,"Biography, Crime, Drama",8.1,93,45.06
The Sound of Music,Robert Wise,1965,172.0,"Biography, Drama, Family",8.1,63,150.07375000000002
Platoon,Oliver Stone,1986,120.0,"Drama, War",8.1,92,138.53
How to Train Your Dragon,Dean DeBlois,2010,98.0,"Animation, Action, Adventure",8.1,75,150.07375000000002
"Lock, Stock and Two Smoking Barrels",Guy Ritchie,1998,107.0,"Action, Comedy, Crime",8.1,66,3.9
Warrior,Gavin O'Connor,2011,140.0,"Action, Drama, Sport",8.1,71,13.66
Portrait of a Lady on Fire,Céline Sciamma,2019,122.0,Drama,8.1,95,3.76
Gran Torino,Clint Eastwood,2008,116.0,Drama,8.1,72,148.1
Million Dollar Baby,Clint Eastwood,2004,132.0,"Drama, Sport",8.1,86,100.49
Barry Lyndon,Stanley Kubrick,1975,185.0,"Adventure, Drama, War",8.1,89,0.0
In the Mood for Love,Kar-Wai Wong,2000,98.0,"Drama, Romance",8.1,87,2.73
La haine,Mathieu Kassovitz,1995,98.0,"Crime, Drama",8.1,0,0.31
Hachi: A Dog's Tale,Lasse Hallström,2009,93.0,"Biography, Drama, Family",8.1,0,0.0
My Neighbor Totoro,Hayao Miyazaki,1988,86.0,"Animation, Comedy, Family",8.1,86,1.11
Raging Bull,Martin Scorsese,1980,129.0,"Biography, Drama, Sport",8.1,90,23.38
Cool Hand Luke,Stuart Rosenberg,1967,127.0,"Crime, Drama",8.1,92,16.22
The Iron Giant,Brad Bird,1999,86.0,"Animation, Action, Adventure",8.1,85,23.16
Wild Tales,Damián Szifron,2014,122.0,"Comedy, Drama, Thriller",8.1,77,3.11
Before Sunset,Richard Linklater,2004,80.0,"Drama, Romance",8.1,91,5.82
Stalker,Andrei Tarkovsky,1979,162.0,"Drama, Sci-Fi",8.1,85,0.23
A Silent Voice: The Movie,Naoko Yamada,2016,130.0,"Animation, Drama",8.1,78,0.0
Network,Sidney Lumet,1976,121.0,Drama,8.1,83,0.0
Ben-Hur,William Wyler,1959,190.5,"Adventure, Drama",8.1,90,74.7
"Paris, Texas",Wim Wenders,1984,145.0,Drama,8.1,81,2.18
The Seventh Seal,Ingmar Bergman,1957,96.0,"Drama, Fantasy",8.1,88,0.0
The Bridge on the River Kwai,David Lean,1957,161.0,"Adventure, Drama, War",8.1,87,44.91
Persona,Ingmar Bergman,1966,83.0,"Drama, Thriller",8.1,86,0.0
In the Name of the Father,Jim Sheridan,1993,133.0,"Biography, Crime, Drama",8.1,84,25.01
Hotel Rwanda,Terry George,2004,121.0,"Biography, Drama, History",8.1,79,23.53
Amores Perros,Alejandro G. Iñárritu,2000,154.0,"Drama, Thriller",8.1,83,5.38
The Message,Moustapha Akkad,1976,177.0,"Biography, Drama, History",8.1,0,0.0
Rebecca,Alfred Hitchcock,1940,130.0,"Drama, Film-Noir, Mystery",8.1,86,4.36
Neon Genesis Evangelion: The End of Evangelion,Hideaki Anno,1997,87.0,"Animation, Action, Drama",8.1,0,0.0
The Man Who Shot Liberty Valance,John Ford,1962,123.0,"Drama, Western",8.1,94,0.0
Inherit the Wind,Stanley Kramer,1960,128.0,"Biography, Drama, History",8.1,75,0.0
The Third Man,Carol Reed,1949,93.0,"Film-Noir, Mystery, Thriller",8.1,97,0.45
Paper Moon,Peter Bogdanovich,1973,102.0,"Comedy, Crime, Drama",8.1,77,30.93
The Best Years of Our Lives,William Wyler,1946,170.0,"Drama, Romance, War",8.1,93,23.65
The Grapes of Wrath,John Ford,1940,129.0,Drama,8.1,96,0.06
All Quiet on the Western Front,Lewis Milestone,1930,152.0,"Drama, War",8.1,91,3.27
Mary and Max,Adam Elliot,2009,92.0,"Animation, Comedy, Drama",8.1,0,0.0
A Woman Under the Influence,John Cassavetes,1974,155.0,"Drama, Romance",8.1,88,13.34
The 400 Blows,François Truffaut,1959,99.0,"Crime, Drama",8.1,0,0.0
Three Colors: Red,Krzysztof Kieslowski,1994,99.0,"Drama, Mystery, Romance",8.1,100,4.04
The Celebration,Thomas Vinterberg,1998,105.0,Drama,8.1,82,1.65
PK,Rajkumar Hirani,2014,153.0,"Comedy, Drama, Sci-Fi",8.1,0,10.62
It Happened One Night,Frank Capra,1934,105.0,"Comedy, Romance",8.1,87,4.36
Fanny and Alexander,Ingmar Bergman,1982,188.0,Drama,8.1,100,4.97
Bajrangi Bhaijaan,Kabir Khan,2015,163.0,"Action, Adventure, Comedy",8.1,0,8.18
Wild Strawberries,Ingmar Bergman,1957,91.0,"Drama, Romance",8.1,88,0.0
The Red Shoes,Michael Powell,1948,135.0,"Drama, Music, Romance",8.1,0,10.9
Lagaan: Once Upon a Time in India,Ashutosh Gowariker,2001,190.5,"Drama, Musical, Sport",8.1,84,0.07
Yi Yi: A One and a Two...,Edward Yang,2000,173.0,"Drama, Romance",8.1,94,1.14
Underground,Emir Kusturica,1995,167.0,"Comedy, Drama, Fantasy",8.1,79,0.17
The Battle of Algiers,Gillo Pontecorvo,1966,121.0,"Drama, War",8.1,96,0.06
Farewell My Concubine,Kaige Chen,1993,171.0,"Drama, Music, Romance",8.1,83,5.22
Mr. Smith Goes to Washington,Frank Capra,1939,129.0,"Comedy, Drama",8.1,73,9.6
Winter Sleep,Nuri Bilge Ceylan,2014,190.5,Drama,8.1,88,0.17
Diabolique,Henri-Georges Clouzot,1955,117.0,"Crime, Drama, Horror",8.1,0,1.09
Andrei Rublev,Andrei Tarkovsky,1966,190.5,"Biography, Drama, History",8.1,0,0.1
Dil Chahta Hai,Farhan Akhtar,2001,183.0,"Comedy, Drama, Romance",8.1,0,0.3
Wolf Children,Mamoru Hosoda,2012,117.0,"Animation, Drama, Family",8.1,71,0.0
The Hidden Fortress,Akira Kurosawa,1958,126.0,"Action, Adventure, Drama",8.1,89,0.0
Ace in the Hole,Billy Wilder,1951,111.0,"Drama, Film-Noir",8.1,72,3.97
White Heat,Raoul Walsh,1949,114.0,"Action, Crime, Drama",8.1,0,0.0
The General,Clyde Bruckman,1926,78.0,"Action, Adventure, Comedy",8.1,0,1.03
Masaan,Neeraj Ghaywan,2015,109.0,Drama,8.1,0,0.0
The Gold Rush,Charles Chaplin,1925,95.0,"Adventure, Comedy, Drama",8.1,0,5.45
Throne of Blood,Akira Kurosawa,1957,110.0,Drama,8.1,0,0.0
Barfi!,Anurag Basu,2012,151.0,"Comedy, Drama, Romance",8.1,0,2.8
Talvar,Meghna Gulzar,2015,132.0,"Crime, Drama, Mystery",8.1,0,0.34
Sunrise,F.W. Murnau,1927,94.0,"Drama, Romance",8.1,95,0.54
Autumn Sonata,Ingmar Bergman,1978,99.0,"Drama, Music",8.1,0,0.0
A Wednesday,Neeraj Pandey,2008,104.0,"Action, Crime, Drama",8.1,0,0.0
Rififi,Jules Dassin,1955,118.0,"Crime, Drama, Thriller",8.1,97,0.06
Rang De Basanti,Rakeysh Omprakash Mehra,2006,167.0,"Comedy, Crime, Drama",8.1,0,2.2
The Grand Illusion,Jean Renoir,1937,113.0,"Drama, War",8.1,0,0.17
Raise the Red Lantern,Yimou Zhang,1991,125.0,"Drama, Romance",8.1,0,2.6
Nights of Cabiria,Federico Fellini,1957,110.0,Drama,8.1,0,0.75
Pink,Aniruddha Roy Chowdhury,2016,136.0,"Crime, Drama, Thriller",8.1,0,1.24
Let's Go! India,Shimit Amin,2007,153.0,"Drama, Family, Sport",8.1,68,1.11
The Virgin Spring,Ingmar Bergman,1960,89.0,Drama,8.1,0,1.53
Queen,Vikas Bahl,2013,146.0,"Adventure, Comedy, Drama",8.1,0,1.43
Jean de Florette,Claude Berri,1986,120.0,"Comedy, Drama",8.1,0,4.94
Article 15,Anubhav Sinha,2019,130.0,"Crime, Drama, Mystery",8.1,0,0.0
Time of the Gypsies,Emir Kusturica,1988,142.0,"Comedy, Crime, Drama",8.1,0,0.28
Sholay,Ramesh Sippy,1975,162.0,"Action, Adventure, Comedy",8.1,0,0.0
Munna Bhai M.B.B.S.,Rajkumar Hirani,2003,156.0,"Comedy, Drama",8.1,0,0.0
Tangerines,Zaza Urushadze,2013,87.0,"Drama, War",8.1,73,0.14
Kahaani,Sujoy Ghosh,2012,122.0,"Mystery, Thriller",8.1,0,1.04
Hera Pheri,Priyadarshan,2000,156.0,"Action, Comedy, Crime",8.1,0,0.0
The Bandit,Yavuz Turgul,1996,128.0,"Crime, Drama, Thriller",8.1,0,0.0
The Circus,Charles Chaplin,1928,72.0,"Comedy, Family, Romance",8.1,90,0.0
Udaan,Vikramaditya Motwane,2010,134.0,Drama,8.1,0,0.01
OMG: Oh My God!,Umesh Shukla,2012,125.0,"Comedy, Drama, Fantasy",8.1,0,0.92
Black,Sanjay Leela Bhansali,2005,122.0,Drama,8.1,0,0.73
Everything's Gonna Be Great,Ömer Vargi,1998,107.0,"Comedy, Drama, Thriller",8.1,0,0.0
Sarfarosh,John Mathew Matthan,1999,174.0,"Action, Drama, Thriller",8.1,0,0.0
Anand,Hrishikesh Mukherjee,1971,122.0,"Drama, Musical",8.1,0,0.0
Dune,Denis Villeneuve,2021,155.0,"Action, Adventure, Drama",8.0,74,108.33
Blade Runner 2049,Denis Villeneuve,2017,164.0,"Action, Drama, Mystery",8.0,81,92.05
Guardians of the Galaxy,James Gunn,2014,121.0,"Action, Adventure, Comedy",8.0,76,150.07375000000002
Deadpool,Tim Miller,2016,108.0,"Action, Comedy",8.0,65,150.07375000000002
Rain Man,Barry Levinson,1988,133.0,Drama,8.0,65,150.07375000000002
Black Swan,Darren Aronofsky,2010,108.0,"Drama, Thriller",8.0,79,106.95
The Princess Bride,Rob Reiner,1987,98.0,"Adventure, Comedy, Family",8.0,77,30.86
The Avengers,Joss Whedon,2012,143.0,"Action, Sci-Fi",8.0,69,150.07375000000002
La La Land,Damien Chazelle,2016,128.0,"Comedy, Drama, Music",8.0,94,150.07375000000002
The Martian,Ridley Scott,2015,144.0,"Adventure, Drama, Sci-Fi",8.0,80,150.07375000000002
Donnie Darko,Richard Kelly,2001,113.0,"Drama, Mystery, Sci-Fi",8.0,88,1.48
The Incredibles,Brad Bird,2004,115.0,"Animation, Action, Adventure",8.0,90,150.07375000000002
Her,Spike Jonze,2013,126.0,"Drama, Romance, Sci-Fi",8.0,91,25.57
Zootopia,Byron Howard,2016,108.0,"Animation, Adventure, Comedy",8.0,78,150.07375000000002
The Graduate,Mike Nichols,1967,106.0,"Comedy, Drama, Romance",8.0,83,104.95
Casino Royale,Martin Campbell,2006,144.0,"Action, Adventure, Thriller",8.0,80,150.07375000000002
The Revenant,Alejandro G. Iñárritu,2015,156.0,"Action, Adventure, Drama",8.0,76,150.07375000000002
The Imitation Game,Morten Tyldum,2014,114.0,"Biography, Drama, Thriller",8.0,71,91.13
Sin City,Frank Miller,2005,124.0,"Crime, Thriller",8.0,74,74.1
CODA,Sian Heder,2021,111.0,"Comedy, Drama, Music",8.0,72,0.0
Dances with Wolves,Kevin Costner,1990,181.0,"Adventure, Drama, Western",8.0,72,150.07375000000002
Magnolia,Paul Thomas Anderson,1999,188.0,Drama,8.0,78,22.46
Slumdog Millionaire,Danny Boyle,2008,120.0,"Crime, Drama, Romance",8.0,84,141.32
Scent of a Woman,Martin Brest,1992,156.0,Drama,8.0,59,63.9
Soul,Pete Docter,2020,100.0,"Animation, Adventure, Comedy",8.0,83,0.0
Groundhog Day,Harold Ramis,1993,101.0,"Comedy, Drama, Fantasy",8.0,72,70.91
Do the Right Thing,Spike Lee,1989,120.0,"Comedy, Drama",8.0,93,27.55
Dog Day Afternoon,Sidney Lumet,1975,125.0,"Biography, Crime, Drama",8.0,86,50.0
Young Frankenstein,Mel Brooks,1974,106.0,Comedy,8.0,83,86.3
Aladdin,Ron Clements,1992,90.0,"Animation, Adventure, Comedy",8.0,86,150.07375000000002
Blood Diamond,Edward Zwick,2006,143.0,"Adventure, Drama, Thriller",8.0,64,57.37
12 Monkeys,Terry Gilliam,1995,129.0,"Mystery, Sci-Fi, Thriller",8.0,74,57.14
The Pursuit of Happyness,Gabriele Muccino,2006,117.0,"Biography, Drama",8.0,64,150.07375000000002
Big Fish,Tim Burton,2003,125.0,"Adventure, Drama, Fantasy",8.0,58,66.26
Beauty and the Beast,Gary Trousdale,1991,84.0,"Animation, Family, Fantasy",8.0,95,150.07375000000002
JFK,Oliver Stone,1991,189.0,"Drama, History, Thriller",8.0,72,70.41
High Noon,Fred Zinnemann,1952,85.0,"Drama, Thriller, Western",8.0,89,9.45
Planet of the Apes,Franklin J. Schaffner,1968,112.0,"Adventure, Sci-Fi",8.0,79,33.4
The Bourne Ultimatum,Paul Greengrass,2007,115.0,"Action, Mystery, Thriller",8.0,85,150.07375000000002
Akira,Katsuhiro Ôtomo,1988,124.0,"Animation, Action, Drama",8.0,67,0.55
Rosemary's Baby,Roman Polanski,1968,137.0,"Drama, Horror",8.0,96,0.0
Perfect Blue,Satoshi Kon,1997,81.0,"Animation, Crime, Drama",8.0,67,0.78
The Invisible Guest,Oriol Paulo,2016,106.0,"Crime, Drama, Mystery",8.0,0,0.0
Kill Bill: Vol. 2,Quentin Tarantino,2004,137.0,"Action, Crime, Thriller",8.0,83,66.21
Life of Brian,Terry Jones,1979,94.0,Comedy,8.0,77,20.05
Butch Cassidy and the Sundance Kid,George Roy Hill,1969,110.0,"Biography, Crime, Drama",8.0,66,102.31
The King's Speech,Tom Hooper,2010,118.0,"Biography, Drama, History",8.0,88,138.8
Dogville,Lars von Trier,2003,178.0,"Crime, Drama",8.0,61,1.53
Fiddler on the Roof,Norman Jewison,1971,181.0,"Drama, Family, Musical",8.0,67,80.5
Lion,Garth Davis,2016,118.0,"Biography, Drama",8.0,69,51.74
What Ever Happened to Baby Jane?,Robert Aldrich,1962,134.0,"Drama, Horror, Thriller",8.0,75,4.05
Ip Man,Wilson Yip,2008,106.0,"Action, Biography, Drama",8.0,59,0.0
Sling Blade,Billy Bob Thornton,1996,135.0,Drama,8.0,84,24.48
Chungking Express,Kar-Wai Wong,1994,102.0,"Comedy, Crime, Drama",8.0,78,0.6
Roman Holiday,William Wyler,1953,118.0,"Comedy, Romance",8.0,78,0.0
Papillon,Franklin J. Schaffner,1973,151.0,"Biography, Crime, Drama",8.0,58,53.27
Mommy,Xavier Dolan,2014,139.0,Drama,8.0,74,3.49
Being There,Hal Ashby,1979,130.0,"Comedy, Drama",8.0,83,30.18
The Last Picture Show,Peter Bogdanovich,1971,118.0,"Drama, Romance",8.0,93,29.13
8½,Federico Fellini,1963,138.0,"Biography, Drama",8.0,93,0.05
Annie Hall,Woody Allen,1977,93.0,"Comedy, Romance",8.0,92,39.2
Nausicaä of the Valley of the Wind,Hayao Miyazaki,1984,117.0,"Animation, Adventure, Sci-Fi",8.0,86,0.5
The Maltese Falcon,John Huston,1941,100.0,"Crime, Film-Noir, Mystery",8.0,97,2.11
Solaris,Andrei Tarkovsky,1972,167.0,"Drama, Mystery, Sci-Fi",8.0,93,0.0
Castle in the Sky,Hayao Miyazaki,1986,125.0,"Animation, Adventure, Family",8.0,78,0.0
Rio Bravo,Howard Hawks,1959,141.0,"Drama, Western",8.0,93,12.54
Pink Floyd: The Wall,Alan Parker,1982,95.0,"Drama, Fantasy, Music",8.0,47,22.24
Cinderella Man,Ron Howard,2005,144.0,"Biography, Drama, Romance",8.0,69,61.65
The Legend of 1900,Giuseppe Tornatore,1998,169.0,"Drama, Music, Romance",8.0,58,0.26
The Night of the Hunter,Charles Laughton,1955,92.0,"Crime, Drama, Film-Noir",8.0,97,0.65
Fitzcarraldo,Werner Herzog,1982,158.0,"Adventure, Drama",8.0,0,0.0
La Dolce Vita,Federico Fellini,1960,174.0,"Comedy, Drama",8.0,95,19.52
Gandhi,Richard Attenborough,1982,190.5,"Biography, Drama, History",8.0,79,52.77
Wings of Desire,Wim Wenders,1987,128.0,"Drama, Fantasy, Romance",8.0,79,3.33
Who's Afraid of Virginia Woolf?,Mike Nichols,1966,131.0,Drama,8.0,75,0.0
Infernal Affairs,Andrew Lau,2002,101.0,"Action, Crime, Drama",8.0,75,0.17
The Straight Story,David Lynch,1999,112.0,"Biography, Drama",8.0,86,6.2
Baahubali: The Beginning,S.S. Rajamouli,2015,159.0,"Action, Drama",8.0,0,6.74
Anatomy of a Murder,Otto Preminger,1959,161.0,"Drama, Mystery",8.0,95,11.9
Wolfwalkers,Tomm Moore,2020,103.0,"Animation, Action, Adventure",8.0,87,0.0
Touch of Evil,Orson Welles,1958,95.0,"Crime, Drama, Film-Noir",8.0,99,2.24
Mirror,Andrei Tarkovsky,1975,107.0,"Biography, Drama",8.0,82,0.18
The Cabinet of Dr. Caligari,Robert Wiene,1920,67.0,"Horror, Mystery, Thriller",8.0,0,0.0
The Hustler,Robert Rossen,1961,134.0,"Drama, Sport",8.0,90,8.28
The Leopard,Luchino Visconti,1963,186.0,"Drama, History",8.0,100,0.0
Out of the Past,Jacques Tourneur,1947,97.0,"Crime, Drama, Film-Noir",8.0,85,0.0
Le Samouraï,Jean-Pierre Melville,1967,101.0,"Crime, Drama, Thriller",8.0,0,0.04
Elite Squad,José Padilha,2007,115.0,"Action, Crime, Drama",8.0,33,0.01
Sweet Smell of Success,Alexander Mackendrick,1957,96.0,"Drama, Film-Noir",8.0,100,0.0
The Tale of The Princess Kaguya,Isao Takahata,2013,137.0,"Animation, Drama, Family",8.0,89,1.51
Nobody Knows,Kore-eda Hirokazu,2004,141.0,Drama,8.0,88,0.68
Sleuth,Joseph L. Mankiewicz,1972,138.0,"Mystery, Thriller",8.0,0,4.08
Stalag 17,Billy Wilder,1953,120.0,"Comedy, Drama, War",8.0,84,0.0
Secrets & Lies,Mike Leigh,1996,136.0,"Comedy, Drama",8.0,91,13.42
The Diving Bell and the Butterfly,Julian Schnabel,2007,112.0,"Biography, Drama",8.0,92,5.99
Song of the Sea,Tomm Moore,2014,93.0,"Animation, Adventure, Drama",8.0,85,0.86
The Sea Inside,Alejandro Amenábar,2004,126.0,"Biography, Drama",8.0,74,2.09
My Sassy Girl,Jae-young Kwak,2001,137.0,"Comedy, Drama, Romance",8.0,0,0.0
Cries & Whispers,Ingmar Bergman,1972,91.0,Drama,8.0,0,1.74
Brief Encounter,David Lean,1945,86.0,"Drama, Romance",8.0,92,0.0
Nostalghia,Andrei Tarkovsky,1983,125.0,Drama,8.0,0,0.01
Dilwale Dulhania Le Jayenge,Aditya Chopra,1995,181.0,"Drama, Romance",8.0,0,0.0
Departures,Yôjirô Takita,2008,130.0,Drama,8.0,68,1.5
Persepolis,Vincent Paronnaud,2007,96.0,"Animation, Biography, Drama",8.0,90,4.45
M.S. Dhoni: The Untold Story,Mathur Goswami,2016,184.0,"Biography, Drama, Sport",8.0,0,1.78
La strada,Federico Fellini,1954,108.0,Drama,8.0,0,0.0
"Black Cat, White Cat",Emir Kusturica,1998,127.0,"Comedy, Crime, Romance",8.0,73,0.35
"Quo Vadis, Aida?",Jasmila Zbanic,2020,101.0,"Drama, History, War",8.0,97,0.0
The Wild Pear Tree,Nuri Bilge Ceylan,2018,188.0,Drama,8.0,86,0.03
"Goodbye, Children",Louis Malle,1987,104.0,"Drama, War",8.0,88,4.54
Ivan's Childhood,Andrei Tarkovsky,1962,95.0,"Drama, War",8.0,0,0.0
"Spring, Summer, Fall, Winter... and Spring",Kim Ki-duk,2003,103.0,"Drama, Romance",8.0,85,2.38
Haider,Vishal Bhardwaj,2014,160.0,"Action, Crime, Drama",8.0,0,0.9
Elite Squad 2: The Enemy Within,José Padilha,2010,115.0,"Action, Crime, Drama",8.0,71,0.1
The Shop Around the Corner,Ernst Lubitsch,1940,99.0,"Comedy, Drama, Romance",8.0,96,0.2
Kind Hearts and Coronets,Robert Hamer,1949,106.0,"Comedy, Crime",8.0,0,0.0
Sanjuro,Akira Kurosawa,1962,96.0,"Action, Drama, Thriller",8.0,0,0.0
The Exterminating Angel,Luis Buñuel,1962,95.0,"Drama, Fantasy",8.0,0,0.0
Central Station,Walter Salles,1998,110.0,Drama,8.0,80,5.6
G.O.R.A.,Ömer Faruk Sorak,2004,127.0,"Adventure, Comedy, Sci-Fi",8.0,0,0.0
"Rome, Open City",Roberto Rossellini,1945,103.0,"Drama, Thriller, War",8.0,0,0.0
Tae Guk Gi: The Brotherhood of War,Je-kyu Kang,2004,140.0,"Action, Drama, War",8.0,64,1.11
Winter Light,Ingmar Bergman,1963,81.0,Drama,8.0,0,0.0
"Carry On, Munna Bhai",Rajkumar Hirani,2006,144.0,"Comedy, Drama, Romance",8.0,0,2.22
Special 26,Neeraj Pandey,2013,144.0,"Crime, Drama, Thriller",8.0,0,1.08
The Breath,Levent Semerci,2009,128.0,"Action, Drama, Thriller",8.0,0,0.0
Andaz Apna Apna,Rajkumar Santoshi,1994,160.0,"Action, Comedy, Romance",8.0,0,0.0
Vizontele,Yilmaz Erdogan,2001,110.0,"Comedy, Drama",8.0,0,0.0
Titanic,James Cameron,1997,190.5,"Drama, Romance",7.9,75,150.07375000000002
John Wick: Chapter 4,Chad Stahelski,2023,169.0,"Action, Crime, Thriller",7.9,78,0.0
Avatar,James Cameron,2009,162.0,"Action, Adventure, Fantasy",7.9,83,150.07375000000002
Puss in Boots: The Last Wish,Joel Crawford,2022,102.0,"Animation, Adventure, Comedy",7.9,73,150.07375000000002
Zack Snyder's Justice League,Zack Snyder,2021,190.5,"Action, Adventure, Fantasy",7.9,54,0.0
Arrival,Denis Villeneuve,2016,116.0,"Drama, Mystery, Sci-Fi",7.9,81,100.55
Fantastic Mr. Fox,Wes Anderson,2009,87.0,"Animation, Adventure, Comedy",7.9,83,21.0
Knives Out,Rian Johnson,2019,130.0,"Comedy, Crime, Drama",7.9,82,150.07375000000002
Iron Man,Jon Favreau,2008,126.0,"Action, Adventure, Sci-Fi",7.9,79,150.07375000000002
Mulholland Drive,David Lynch,2001,147.0,"Drama, Mystery, Thriller",7.9,86,7.22
Harry Potter and the Prisoner of Azkaban,Alfonso Cuarón,2004,142.0,"Adventure, Family, Fantasy",7.9,82,150.07375000000002
Star Trek,J.J. Abrams,2009,127.0,"Action, Adventure, Sci-Fi",7.9,82,150.07375000000002
True Romance,Tony Scott,1993,119.0,"Crime, Drama, Romance",7.9,59,12.28
Boogie Nights,Paul Thomas Anderson,1997,155.0,Drama,7.9,85,26.4
Edward Scissorhands,Tim Burton,1990,105.0,"Drama, Fantasy, Romance",7.9,74,56.36
Edge of Tomorrow,Doug Liman,2014,113.0,"Action, Adventure, Sci-Fi",7.9,71,100.21
The Perks of Being a Wallflower,Stephen Chbosky,2012,103.0,Drama,7.9,67,17.74
X-Men: Days of Future Past,Bryan Singer,2014,132.0,"Action, Adventure, Sci-Fi",7.9,75,150.07375000000002
Shaun of the Dead,Edgar Wright,2004,99.0,"Comedy, Horror",7.9,76,13.54
Almost Famous,Cameron Crowe,2000,122.0,"Adventure, Comedy, Drama",7.9,90,32.53
Jojo Rabbit,Taika Waititi,2019,108.0,"Comedy, Drama, War",7.9,58,33.37
The Bourne Identity,Doug Liman,2002,119.0,"Action, Mystery, Thriller",7.9,68,121.66
Bohemian Rhapsody,Bryan Singer,2018,134.0,"Biography, Drama, Music",7.9,49,150.07375000000002
Thor: Ragnarok,Taika Waititi,2017,130.0,"Action, Adventure, Comedy",7.9,74,150.07375000000002
Charade,Stanley Donen,1963,113.0,"Comedy, Mystery, Romance",7.9,83,13.47
E.T. the Extra-Terrestrial,Steven Spielberg,1982,115.0,"Adventure, Family, Sci-Fi",7.9,92,150.07375000000002
Shrek,Andrew Adamson,2001,90.0,"Animation, Adventure, Comedy",7.9,84,150.07375000000002
Rope,Alfred Hitchcock,1948,80.0,"Crime, Drama, Mystery",7.9,73,0.0
Life of Pi,Ang Lee,2012,127.0,"Adventure, Drama, Fantasy",7.9,79,124.99
In Bruges,Martin McDonagh,2008,107.0,"Comedy, Crime, Drama",7.9,67,7.76
Children of Men,Alfonso Cuarón,2006,109.0,"Action, Drama, Sci-Fi",7.9,84,35.55
The Blues Brothers,John Landis,1980,133.0,"Action, Adventure, Comedy",7.9,60,57.23
Mystic River,Clint Eastwood,2003,138.0,"Crime, Drama, Mystery",7.9,84,90.14
Dallas Buyers Club,Jean-Marc Vallée,2013,117.0,"Biography, Drama",7.9,77,27.3
District 9,Neill Blomkamp,2009,112.0,"Action, Sci-Fi, Thriller",7.9,81,115.65
Marriage Story,Noah Baumbach,2019,137.0,"Drama, Romance",7.9,94,2.0
Wonder,Stephen Chbosky,2017,113.0,"Drama, Family",7.9,66,132.42
All the President's Men,Alan J. Pakula,1976,138.0,"Drama, History, Thriller",7.9,84,70.6
Toy Story 2,John Lasseter,1999,92.0,"Animation, Adventure, Comedy",7.9,88,150.07375000000002
The Searchers,John Ford,1956,119.0,"Adventure, Drama, Western",7.9,94,0.0
Boyhood,Richard Linklater,2014,165.0,Drama,7.9,100,25.38
This Is Spinal Tap,Rob Reiner,1984,82.0,"Comedy, Music",7.9,92,4.74
Carlito's Way,Brian De Palma,1993,144.0,"Crime, Drama, Thriller",7.9,66,36.95
The Man from Earth,Richard Schenkman,2007,87.0,"Drama, Fantasy, Mystery",7.9,0,0.0
Bound by Honor,Taylor Hackford,1993,180.0,"Crime, Drama",7.9,47,4.5
Brazil,Terry Gilliam,1985,132.0,"Drama, Sci-Fi",7.9,84,9.93
Ghost in the Shell,Mamoru Oshii,1995,83.0,"Animation, Action, Crime",7.9,76,0.52
The Nightmare Before Christmas,Henry Selick,1993,76.0,"Animation, Family, Fantasy",7.9,82,75.08
Before Midnight,Richard Linklater,2013,109.0,"Drama, Romance",7.9,94,8.11
A Fistful of Dollars,Sergio Leone,1964,99.0,"Action, Drama, Western",7.9,65,14.5
Spartacus,Stanley Kubrick,1960,190.5,"Adventure, Biography, Drama",7.9,87,30.0
The Wrestler,Darren Aronofsky,2008,109.0,"Drama, Sport, Thriller",7.9,80,26.24
A Streetcar Named Desire,Elia Kazan,1951,122.0,Drama,7.9,97,8.0
The Ten Commandments,Cecil B. DeMille,1956,190.5,"Adventure, Drama, Family",7.9,0,93.74
"Crouching Tiger, Hidden Dragon",Ang Lee,2000,120.0,"Action, Adventure, Drama",7.9,94,128.08
Let the Right One In,Tomas Alfredson,2008,114.0,"Drama, Fantasy, Horror",7.9,82,2.12
The Wild Bunch,Sam Peckinpah,1969,135.0,"Action, Adventure, Drama",7.9,98,12.06
In the Heat of the Night,Norman Jewison,1967,110.0,"Drama, Mystery, Thriller",7.9,76,24.38
Doctor Zhivago,David Lean,1965,190.5,"Drama, Romance, War",7.9,69,111.72
The Raid 2,Gareth Evans,2014,150.0,"Action, Crime, Thriller",7.9,71,2.63
Nosferatu,F.W. Murnau,1922,94.0,"Fantasy, Horror",7.9,0,0.0
The Manchurian Candidate,John Frankenheimer,1962,126.0,"Drama, Thriller",7.9,94,0.0
Once Were Warriors,Lee Tamahori,1994,102.0,"Crime, Drama",7.9,77,2.2
Sing Street,John Carney,2016,106.0,"Comedy, Drama, Music",7.9,79,3.24
Harold and Maude,Hal Ashby,1971,91.0,"Comedy, Drama, Romance",7.9,62,0.0
Togo,Ericson Core,2019,113.0,"Adventure, Biography, Drama",7.9,69,0.0
Notorious,Alfred Hitchcock,1946,102.0,"Drama, Film-Noir, Romance",7.9,100,10.46
Hero,Yimou Zhang,2002,120.0,"Action, Adventure, Drama",7.9,85,53.71
The Lion in Winter,Anthony Harvey,1968,134.0,"Biography, Drama, History",7.9,0,22.28
The Artist,Michel Hazanavicius,2011,100.0,"Comedy, Drama, Romance",7.9,89,44.67
King Kong,Merian C. Cooper,1933,100.0,"Adventure, Horror, Sci-Fi",7.9,92,10.0
Shoplifters,Kore-eda Hirokazu,2018,121.0,"Crime, Drama, Thriller",7.9,93,3.31
A Christmas Story,Bob Clark,1983,93.0,"Comedy, Family",7.9,77,20.61
The Killing,Stanley Kubrick,1956,84.0,"Crime, Drama, Film-Noir",7.9,91,0.0
Dancer in the Dark,Lars von Trier,2000,140.0,"Crime, Drama, Musical",7.9,63,4.18
Three Colors: Blue,Krzysztof Kieslowski,1993,94.0,"Drama, Music, Mystery",7.9,87,1.32
Strangers on a Train,Alfred Hitchcock,1951,101.0,"Crime, Drama, Film-Noir",7.9,88,7.63
Short Term 12,Destin Daniel Cretton,2013,96.0,Drama,7.9,82,1.01
The Red Circle,Jean-Pierre Melville,1970,140.0,"Crime, Drama, Thriller",7.9,92,0.37
Patton,Franklin J. Schaffner,1970,172.0,"Biography, Drama, War",7.9,86,61.7
The Big Sleep,Howard Hawks,1946,114.0,"Crime, Film-Noir, Mystery",7.9,86,6.54
About Elly,Asghar Farhadi,2009,119.0,"Drama, Mystery",7.9,87,0.11
The Philadelphia Story,George Cukor,1940,112.0,"Comedy, Romance",7.9,96,0.0
Cat on a Hot Tin Roof,Richard Brooks,1958,108.0,Drama,7.9,84,17.57
Arsenic and Old Lace,Frank Capra,1944,118.0,"Comedy, Crime, Thriller",7.9,0,0.0
Head-On,Fatih Akin,2004,121.0,"Drama, Romance",7.9,78,0.0
The Conformist,Bernardo Bertolucci,1970,113.0,Drama,7.9,100,0.54
Amour,Michael Haneke,2012,127.0,Drama,7.9,95,6.74
Talk to Her,Pedro Almodóvar,2002,112.0,"Drama, Mystery, Romance",7.9,86,9.36
Kal Ho Naa Ho,Nikkhil Advani,2003,186.0,"Comedy, Drama, Musical",7.9,54,1.79
The Thin Man,W.S. Van Dyke,1934,91.0,"Comedy, Crime, Mystery",7.9,86,0.0
The Sacrifice,Andrei Tarkovsky,1986,149.0,Drama,7.9,0,0.3
In a Lonely Place,Nicholas Ray,1950,94.0,"Drama, Film-Noir, Mystery",7.9,0,0.0
I Remember,Federico Fellini,1973,123.0,"Comedy, Drama",7.9,0,0.58
The Adventures of Robin Hood,Michael Curtiz,1938,102.0,"Action, Adventure, Romance",7.9,97,3.98
My Name Is Khan,Karan Johar,2010,165.0,"Adventure, Drama, Romance",7.9,50,4.02
A Taxi Driver,Hun Jang,2017,137.0,"Action, Drama, History",7.9,69,1.53
Mildred Pierce,Michael Curtiz,1945,111.0,"Crime, Drama, Film-Noir",7.9,88,0.0
Laura,Otto Preminger,1944,88.0,"Drama, Film-Noir, Mystery",7.9,0,4.36
In Cold Blood,Richard Brooks,1967,134.0,"Biography, Crime, Drama",7.9,89,0.0
Harvey,Henry Koster,1950,104.0,"Comedy, Drama, Fantasy",7.9,0,0.0
Sullivan's Travels,Preston Sturges,1941,90.0,"Adventure, Comedy, Drama",7.9,0,0.0
3-Iron,Kim Ki-duk,2004,88.0,"Crime, Drama, Romance",7.9,72,0.24
C.R.A.Z.Y.,Jean-Marc Vallée,2005,129.0,"Comedy, Drama",7.9,81,0.0
The Way He Looks,Daniel Ribeiro,2014,96.0,"Drama, Romance",7.9,71,0.1
Kagemusha,Akira Kurosawa,1980,162.0,"Drama, History, War",7.9,84,0.0
Gully Boy,Zoya Akhtar,2019,154.0,"Drama, Music, Romance",7.9,65,5.57
Miracle on 34th Street,George Seaton,1947,96.0,"Comedy, Drama, Family",7.9,88,2.65
Nine Queens,Fabián Bielinsky,2000,114.0,"Crime, Drama, Thriller",7.9,80,1.22
Elevator to the Gallows,Louis Malle,1958,91.0,"Crime, Drama, Thriller",7.9,94,0.11
Super 30,Vikas Bahl,2019,154.0,"Biography, Drama",7.9,0,2.27
The Lost Weekend,Billy Wilder,1945,101.0,"Drama, Film-Noir",7.9,0,9.46
"4 Months, 3 Weeks and 2 Days",Cristian Mungiu,2007,113.0,Drama,7.9,97,1.19
Battleship Potemkin,Sergei Eisenstein,1925,66.0,"Drama, History, Thriller",7.9,97,0.05
Hiroshima Mon Amour,Alain Resnais,1959,90.0,"Drama, Romance",7.9,0,0.09
The Big Heat,Fritz Lang,1953,89.0,"Crime, Film-Noir, Thriller",7.9,0,0.0
Dev.D,Anurag Kashyap,2009,144.0,"Comedy, Drama, Romance",7.9,0,0.01
The Rules of the Game,Jean Renoir,1939,110.0,"Comedy, Drama",7.9,99,0.0
Jab We Met,Imtiaz Ali,2007,138.0,"Comedy, Drama, Romance",7.9,0,0.41
The Return,Andrey Zvyagintsev,2003,110.0,Drama,7.9,82,0.5
Beauty and the Beast,Jean Cocteau,1946,93.0,"Drama, Fantasy, Romance",7.9,92,0.3
No Man's Land,Danis Tanovic,2001,98.0,"Comedy, Drama, War",7.9,84,1.06
Badhaai Ho,Amit Ravindernath Sharma,2018,124.0,"Comedy, Drama",7.9,0,0.0
Through a Glass Darkly,Ingmar Bergman,1961,90.0,Drama,7.9,84,0.0
Pad Man,R. Balki,2018,140.0,"Comedy, Drama",7.9,0,1.66
Baby,Neeraj Pandey,2015,159.0,"Action, Crime, Thriller",7.9,0,0.0
Airlift,Raja Menon,2016,130.0,"Action, Drama, History",7.9,0,0.0
The Batman,Matt Reeves,2022,176.0,"Action, Crime, Drama",7.8,72,150.07375000000002
Everything Everywhere All at Once,Daniel Kwan,2022,139.0,"Action, Adventure, Comedy",7.8,81,72.86
Tombstone,George P. Cosmatos,1993,130.0,"Biography, Drama, History",7.8,50,56.51
Little Miss Sunshine,Jonathan Dayton,2006,101.0,"Comedy, Drama",7.8,80,59.89
Dunkirk,Christopher Nolan,2017,106.0,"Action, Drama, History",7.8,94,150.07375000000002
A Bronx Tale,Robert De Niro,1993,121.0,"Crime, Drama",7.8,80,17.27
Moonrise Kingdom,Wes Anderson,2012,94.0,"Comedy, Drama, Family",7.8,84,45.51
The Breakfast Club,John Hughes,1985,97.0,"Comedy, Drama",7.8,66,45.88
The Gentlemen,Guy Ritchie,2019,113.0,"Action, Comedy, Crime",7.8,51,36.47
Get Out,Jordan Peele,2017,104.0,"Horror, Mystery, Thriller",7.8,85,150.07375000000002
The Notebook,Nick Cassavetes,2004,123.0,"Drama, Romance",7.8,53,81.0
All Quiet on the Western Front,Edward Berger,2022,148.0,"Action, Drama, War",7.8,76,0.0
Drive,Nicolas Winding Refn,2011,100.0,"Action, Drama",7.8,78,35.06
Pride & Prejudice,Joe Wright,2005,129.0,"Drama, Romance",7.8,82,38.41
The Big Short,Adam McKay,2015,130.0,"Biography, Comedy, Drama",7.8,81,70.26
Hot Fuzz,Edgar Wright,2007,121.0,"Action, Comedy, Mystery",7.8,81,23.64
Call Me by Your Name,Luca Guadagnino,2017,132.0,"Drama, Romance",7.8,94,18.1
RRR,S.S. Rajamouli,2022,187.0,"Action, Drama",7.8,83,14.5
About Time,Richard Curtis,2013,123.0,"Comedy, Drama, Fantasy",7.8,55,15.32
The Hateful Eight,Quentin Tarantino,2015,168.0,"Crime, Drama, Mystery",7.8,68,54.12
Ghostbusters,Ivan Reitman,1984,105.0,"Action, Comedy, Fantasy",7.8,71,150.07375000000002
The Irishman,Martin Scorsese,2019,190.5,"Biography, Crime, Drama",7.8,94,7.0
Little Women,Greta Gerwig,2019,135.0,"Drama, Romance",7.8,91,108.1
The Girl with the Dragon Tattoo,David Fincher,2011,158.0,"Crime, Drama, Mystery",7.8,71,102.52
The Sandlot,David Mickey Evans,1993,101.0,"Comedy, Drama, Family",7.8,55,32.42
Predator,John McTiernan,1987,107.0,"Action, Adventure, Horror",7.8,47,59.74
The Social Network,David Fincher,2010,120.0,"Biography, Drama",7.8,95,96.96
Isle of Dogs,Wes Anderson,2018,101.0,"Animation, Adventure, Comedy",7.8,82,32.02
Remember the Titans,Boaz Yakin,2000,113.0,"Biography, Drama, Sport",7.8,48,115.65
Ferris Bueller's Day Off,John Hughes,1986,103.0,Comedy,7.8,61,70.14
The Hobbit: An Unexpected Journey,Peter Jackson,2012,169.0,"Adventure, Fantasy",7.8,58,150.07375000000002
Rogue One: A Star Wars Story,Gareth Edwards,2016,133.0,"Action, Adventure, Sci-Fi",7.8,65,150.07375000000002
Star Wars: Episode VII - The Force Awakens,J.J. Abrams,2015,138.0,"Action, Adventure, Sci-Fi",7.8,80,150.07375000000002
Apocalypto,Mel Gibson,2006,139.0,"Action, Adventure, Drama",7.8,68,50.87
Nightcrawler,Dan Gilroy,2014,117.0,"Crime, Drama, Thriller",7.8,76,32.38
The Fugitive,Andrew Davis,1993,130.0,"Action, Crime, Drama",7.8,87,150.07375000000002
Hidden Figures,Theodore Melfi,2016,127.0,"Biography, Drama, History",7.8,74,150.07375000000002
American Gangster,Ridley Scott,2007,157.0,"Biography, Crime, Drama",7.8,76,130.16
Atonement,Joe Wright,2007,123.0,"Drama, Mystery, Romance",7.8,85,50.93
The Killing Fields,Roland Joffé,1984,141.0,"Biography, Drama, History",7.8,76,34.7
The Curious Case of Benjamin Button,David Fincher,2008,166.0,"Drama, Fantasy, Romance",7.8,70,127.51
Captain America: Civil War,Anthony Russo,2016,147.0,"Action, Sci-Fi",7.8,75,150.07375000000002
The Untouchables,Brian De Palma,1987,119.0,"Crime, Drama, Thriller",7.8,79,76.27
Taken,Pierre Morel,2008,90.0,"Action, Crime, Thriller",7.8,51,145.0
Cast Away,Robert Zemeckis,2000,143.0,"Adventure, Drama, Romance",7.8,73,150.07375000000002
Back to the Future Part II,Robert Zemeckis,1989,108.0,"Adventure, Comedy, Sci-Fi",7.8,57,118.5
The Worst Person in the World,Joachim Trier,2021,128.0,"Comedy, Drama, Romance",7.8,90,0.0
Willy Wonka & the Chocolate Factory,Mel Stuart,1971,100.0,"Family, Fantasy, Musical",7.8,67,4.0
The Outlaw Josey Wales,Clint Eastwood,1976,135.0,Western,7.8,69,31.8
Captain America: The Winter Soldier,Anthony Russo,2014,136.0,"Action, Adventure, Sci-Fi",7.8,70,150.07375000000002
Skyfall,Sam Mendes,2012,143.0,"Action, Adventure, Thriller",7.8,81,150.07375000000002
Captain Phillips,Paul Greengrass,2013,134.0,"Action, Biography, Crime",7.8,82,107.1
Manchester by the Sea,Kenneth Lonergan,2016,137.0,Drama,7.8,96,47.7
Captain Fantastic,Matt Ross,2016,118.0,"Comedy, Drama",7.8,72,5.88
The Hobbit: The Desolation of Smaug,Peter Jackson,2013,161.0,Fantasy,7.8,66,150.07375000000002
Gattaca,Andrew Niccol,1997,106.0,"Drama, Sci-Fi, Thriller",7.8,64,12.34
Misery,Rob Reiner,1990,107.0,"Drama, Thriller",7.8,75,61.28
The Last Samurai,Edward Zwick,2003,154.0,"Action, Drama",7.8,55,111.11
Big Hero 6,Don Hall,2014,102.0,"Animation, Action, Adventure",7.8,74,150.07375000000002
Thirteen Lives,Ron Howard,2022,147.0,"Action, Adventure, Biography",7.8,66,0.0
Midnight Cowboy,John Schlesinger,1969,113.0,Drama,7.8,79,44.79
Boyz n the Hood,John Singleton,1991,112.0,"Crime, Drama",7.8,76,57.5
I Saw the Devil,Jee-woon Kim,2010,144.0,"Action, Crime, Thriller",7.8,67,0.13
Mary Poppins,Robert Stevenson,1964,139.0,"Comedy, Family, Fantasy",7.8,88,102.27
Walk the Line,James Mangold,2005,136.0,"Biography, Drama, Music",7.8,72,119.52
East of Eden,Elia Kazan,1955,118.0,Drama,7.8,72,0.0
Straight Outta Compton,F. Gary Gray,2015,147.0,"Biography, Drama, History",7.8,72,150.07375000000002
The Conversation,Francis Ford Coppola,1974,113.0,"Drama, Mystery, Thriller",7.8,87,4.42
Glory,Edward Zwick,1989,122.0,"Biography, Drama, History",7.8,78,26.83
Awakenings,Penny Marshall,1990,121.0,"Biography, Drama",7.8,74,52.1
Serenity,Joss Whedon,2005,119.0,"Action, Adventure, Sci-Fi",7.8,74,25.51
Moon,Duncan Jones,2009,97.0,"Drama, Mystery, Sci-Fi",7.8,67,5.01
The Holy Mountain,Alejandro Jodorowsky,1973,114.0,"Adventure, Drama, Fantasy",7.8,76,0.06
The Right Stuff,Philip Kaufman,1983,190.5,"Adventure, Biography, Drama",7.8,91,21.5
The Fighter,David O. Russell,2010,116.0,"Action, Biography, Drama",7.8,79,93.62
Mississippi Burning,Alan Parker,1988,128.0,"Crime, Drama, Mystery",7.8,65,34.6
The King of Comedy,Martin Scorsese,1982,109.0,"Comedy, Crime, Drama",7.8,73,2.5
The Fall,Tarsem Singh,2006,117.0,"Adventure, Drama, Fantasy",7.8,64,2.28
Paddington 2,Paul King,2017,103.0,"Adventure, Comedy, Family",7.8,88,40.44
The Girl with the Dragon Tattoo,Niels Arden Oplev,2009,152.0,"Crime, Drama, Mystery",7.8,76,10.1
Kiki's Delivery Service,Hayao Miyazaki,1989,103.0,"Animation, Family, Fantasy",7.8,85,0.0
How to Train Your Dragon 2,Dean DeBlois,2014,102.0,"Animation, Action, Adventure",7.8,77,150.07375000000002
The Remains of the Day,James Ivory,1993,134.0,"Drama, Romance",7.8,86,22.95
Pride,Matthew Warchus,2014,119.0,"Biography, Comedy, Drama",7.8,79,0.0
Hunt for the Wilderpeople,Taika Waititi,2016,101.0,"Adventure, Comedy, Drama",7.8,81,5.2
The Insider,Michael Mann,1999,157.0,"Biography, Drama, Thriller",7.8,84,28.97
Changeling,Clint Eastwood,2008,141.0,"Biography, Crime, Drama",7.8,63,35.74
Ed Wood,Tim Burton,1994,127.0,"Biography, Comedy, Drama",7.8,70,5.89
Night of the Living Dead,George A. Romero,1968,96.0,"Horror, Thriller",7.8,89,0.09
The Day the Earth Stood Still,Robert Wise,1951,92.0,"Drama, Sci-Fi",7.8,83,0.0
The Best Offer,Giuseppe Tornatore,2013,131.0,"Crime, Drama, Mystery",7.8,49,0.09
Dawn of the Dead,George A. Romero,1978,127.0,"Horror, Thriller",7.8,71,5.1
My Fair Lady,George Cukor,1964,170.0,"Drama, Family, Musical",7.8,95,72.0
Kramer vs. Kramer,Robert Benton,1979,105.0,Drama,7.8,77,106.26
My Left Foot,Jim Sheridan,1989,103.0,"Biography, Drama",7.8,97,14.74
The Day of the Jackal,Fred Zinnemann,1973,143.0,"Crime, Drama, Thriller",7.8,80,16.06
Bringing Up Baby,Howard Hawks,1938,102.0,Comedy,7.8,91,0.0
Cabaret,Bob Fosse,1972,124.0,"Drama, Music, Musical",7.8,80,42.77
October Sky,Joe Johnston,1999,108.0,"Biography, Drama, Family",7.8,71,32.48
Days of Heaven,Terrence Malick,1978,94.0,"Drama, Romance",7.8,93,0.0
Guess Who's Coming to Dinner,Stanley Kramer,1967,108.0,"Comedy, Drama",7.8,63,56.7
Once,John Carney,2007,86.0,"Drama, Music, Romance",7.8,90,9.44
"Aguirre, the Wrath of God",Werner Herzog,1972,95.0,"Action, Adventure, Biography",7.8,0,0.0
Freaks,Tod Browning,1932,64.0,"Drama, Horror",7.8,80,0.63
All About My Mother,Pedro Almodóvar,1999,101.0,"Comedy, Drama, Romance",7.8,87,8.26
All That Jazz,Bob Fosse,1979,123.0,"Drama, Music, Musical",7.8,72,37.82
Letters from Iwo Jima,Clint Eastwood,2006,141.0,"Action, Adventure, Drama",7.8,89,13.76
Lilya 4-Ever,Lukas Moodysson,2002,109.0,"Crime, Drama",7.8,83,0.18
Whisper of the Heart,Yoshifumi Kondô,1995,111.0,"Animation, Drama, Family",7.8,75,0.0
Gaslight,George Cukor,1944,114.0,"Crime, Drama, Mystery",7.8,78,0.0
The Chaser,Na Hong-jin,2008,125.0,"Action, Crime, Drama",7.8,64,0.0
Manhattan,Woody Allen,1979,96.0,"Comedy, Drama, Romance",7.8,83,45.7
Breaking the Waves,Lars von Trier,1996,159.0,Drama,7.8,81,4.04
Loving Vincent,DK Welchman,2017,94.0,"Animation, Drama, Mystery",7.8,62,6.74
The World's Fastest Indian,Roger Donaldson,2005,127.0,"Biography, Drama, Sport",7.8,68,5.13
Frankenstein,James Whale,1931,70.0,"Drama, Horror, Sci-Fi",7.8,91,0.0
To Have and Have Not,Howard Hawks,1944,100.0,"Adventure, Comedy, Film-Noir",7.8,90,0.0
Stagecoach,John Ford,1939,96.0,"Adventure, Drama, Western",7.8,93,0.0
Red River,Howard Hawks,1948,133.0,"Drama, Western",7.8,96,0.0
The Lunchbox,Ritesh Batra,2013,104.0,"Drama, Romance",7.8,76,4.23
Land of Mine,Martin Zandvliet,2015,100.0,"Drama, History, War",7.8,75,0.44
His Girl Friday,Howard Hawks,1940,92.0,"Comedy, Drama, Romance",7.8,0,0.3
Batman: Mask of the Phantasm,Eric Radomski,1993,76.0,"Animation, Action, Adventure",7.8,65,5.62
L'Avventura,Michelangelo Antonioni,1960,144.0,"Drama, Mystery, Romance",7.8,0,0.0
Hannah and Her Sisters,Woody Allen,1986,107.0,"Comedy, Drama",7.8,90,40.08
Ninja Scroll,Yoshiaki Kawajiri,1993,94.0,"Animation, Action, Adventure",7.8,0,0.0
The Man Who Would Be King,John Huston,1975,129.0,"Adventure, War",7.8,91,0.0
The White Ribbon,Michael Haneke,2009,144.0,"Drama, Mystery, Thriller",7.8,84,2.22
Shadow of a Doubt,Alfred Hitchcock,1943,108.0,"Film-Noir, Thriller",7.8,94,0.0
A Prophet,Jacques Audiard,2009,155.0,"Crime, Drama",7.8,90,2.08
The Bride of Frankenstein,James Whale,1935,75.0,"Drama, Horror, Sci-Fi",7.8,95,4.36
The Umbrellas of Cherbourg,Jacques Demy,1964,91.0,"Drama, Musical, Romance",7.8,86,0.03
"I, Daniel Blake",Ken Loach,2016,100.0,Drama,7.8,78,0.26
The Innocents,Jack Clayton,1961,100.0,Horror,7.8,88,2.62
The Killer,John Woo,1989,111.0,"Action, Crime, Drama",7.8,82,0.0
The Postman,Michael Radford,1994,108.0,"Biography, Comedy, Drama",7.8,81,21.85
You Can't Take It with You,Frank Capra,1938,126.0,"Comedy, Drama, Romance",7.8,0,4.66
Cowboy Bebop: The Movie,Shin'ichirô Watanabe,2001,115.0,"Animation, Action, Crime",7.8,61,1.0
The Chorus,Christophe Barratier,2004,97.0,"Comedy, Drama, Music",7.8,56,3.64
Tokyo Godfathers,Satoshi Kon,2003,92.0,"Animation, Adventure, Comedy",7.8,74,0.13
Crimes and Misdemeanors,Woody Allen,1989,104.0,"Comedy, Drama",7.8,77,18.25
Once Upon a Time in Anatolia,Nuri Bilge Ceylan,2011,157.0,"Crime, Drama, Thriller",7.8,82,0.14
The Asphalt Jungle,John Huston,1950,112.0,"Crime, Drama, Film-Noir",7.8,85,0.0
Veer Zaara,Yash Chopra,2004,190.5,"Drama, Family, Musical",7.8,67,2.92
The Discreet Charm of the Bourgeoisie,Luis Buñuel,1972,102.0,Comedy,7.8,93,0.2
"Like Father, Like Son",Kore-eda Hirokazu,2013,121.0,Drama,7.8,73,0.28
English Vinglish,Gauri Shinde,2012,134.0,"Comedy, Drama, Family",7.8,0,1.67
Duck Soup,Leo McCarey,1933,69.0,"Comedy, Musical",7.8,93,0.0
Vivre Sa Vie,Jean-Luc Godard,1962,85.0,Drama,7.8,0,0.0
Millennium Actress,Satoshi Kon,2001,87.0,"Animation, Drama, Fantasy",7.8,70,0.19
Knockin' on Heaven's Door,Thomas Jahn,1997,87.0,"Action, Crime, Comedy",7.8,0,0.0
My Life as a Zucchini,Claude Barras,2016,70.0,"Animation, Comedy, Drama",7.8,85,0.29
A Night at the Opera,Sam Wood,1935,96.0,"Comedy, Music, Musical",7.8,0,2.54
Hindi Medium,Saket Chaudhary,2017,132.0,"Comedy, Drama",7.8,0,0.0
Vicky Donor,Shoojit Sircar,2012,126.0,"Comedy, Romance",7.8,0,0.17
The Whale,Darren Aronofsky,2022,117.0,Drama,7.7,60,0.0
Mission: Impossible - Fallout,Christopher McQuarrie,2018,147.0,"Action, Adventure, Thriller",7.7,86,150.07375000000002
The Banshees of Inisherin,Martin McDonagh,2022,114.0,"Comedy, Drama",7.7,87,0.0
The Goonies,Richard Donner,1985,114.0,"Adventure, Comedy, Family",7.7,62,61.5
Aftersun,Charlotte Wells,2022,102.0,Drama,7.7,95,0.0
Kingsman: The Secret Service,Matthew Vaughn,2014,129.0,"Action, Adventure, Comedy",7.7,60,128.26
Harry Potter and the Goblet of Fire,Mike Newell,2005,157.0,"Adventure, Family, Fantasy",7.7,81,150.07375000000002
The Hangover,Todd Phillips,2009,100.0,Comedy,7.7,73,150.07375000000002
Ocean's Eleven,Steven Soderbergh,2001,116.0,"Crime, Thriller",7.7,74,150.07375000000002
Silver Linings Playbook,David O. Russell,2012,122.0,"Comedy, Drama, Romance",7.7,81,132.09
Zodiac,David Fincher,2007,157.0,"Crime, Drama, Mystery",7.7,79,33.08
Black Hawk Down,Ridley Scott,2001,144.0,"Action, Drama, History",7.7,74,108.64
Argo,Ben Affleck,2012,120.0,"Biography, Drama, Thriller",7.7,86,136.03
A Few Good Men,Rob Reiner,1992,138.0,"Drama, Thriller",7.7,62,141.34
Blue Is the Warmest Colour,Abdellatif Kechiche,2013,180.0,"Drama, Romance",7.7,90,2.2
Blazing Saddles,Mel Brooks,1974,93.0,"Comedy, Western",7.7,73,119.5
Lost in Translation,Sofia Coppola,2003,102.0,"Comedy, Drama",7.7,91,44.59
Evil Dead II,Sam Raimi,1987,84.0,"Comedy, Horror",7.7,72,5.92
Harry Potter and the Deathly Hallows: Part 1,David Yates,2010,146.0,"Adventure, Family, Fantasy",7.7,65,150.07375000000002
Brokeback Mountain,Ang Lee,2005,134.0,"Drama, Romance",7.7,87,83.04
The Last of the Mohicans,Michael Mann,1992,112.0,"Action, Adventure, Drama",7.7,76,75.51
Primal Fear,Gregory Hoblit,1996,129.0,"Crime, Drama, Mystery",7.7,47,56.12
Wind River,Taylor Sheridan,2017,107.0,"Crime, Drama, Mystery",7.7,73,33.8
X-Men: First Class,Matthew Vaughn,2011,131.0,"Action, Sci-Fi",7.7,65,146.41
Ex Machina,Alex Garland,2014,108.0,"Drama, Sci-Fi, Thriller",7.7,78,25.44
500 Days of Summer,Marc Webb,2009,95.0,"Comedy, Drama, Romance",7.7,76,32.39
3:10 to Yuma,James Mangold,2007,122.0,"Action, Crime, Drama",7.7,76,53.61
Airplane!,Jim Abrahams,1980,88.0,Comedy,7.7,78,83.4
And Your Mother Too,Alfonso Cuarón,2001,106.0,Drama,7.7,89,13.62
Home Alone,Chris Columbus,1990,103.0,"Comedy, Family",7.7,63,150.07375000000002
Training Day,Antoine Fuqua,2001,122.0,"Action, Crime, Drama",7.7,69,76.63
Blue Velvet,David Lynch,1986,120.0,"Crime, Drama, Mystery",7.7,76,8.55
Who Framed Roger Rabbit,Robert Zemeckis,1988,104.0,"Animation, Adventure, Comedy",7.7,83,150.07375000000002
Coraline,Henry Selick,2009,100.0,"Animation, Drama, Family",7.7,80,75.29
Glengarry Glen Ross,James Foley,1992,100.0,"Crime, Drama, Mystery",7.7,82,10.73
Wait Until Dark,Terence Young,1967,108.0,Thriller,7.7,81,17.55
The Game,David Fincher,1997,129.0,"Drama, Mystery, Thriller",7.7,63,48.32
The Count of Monte Cristo,Kevin Reynolds,2002,131.0,"Action, Adventure, Drama",7.7,61,54.23
Mr. Nobody,Jaco Van Dormael,2009,141.0,"Drama, Fantasy, Romance",7.7,63,0.0
The Lego Movie,Phil Lord,2014,100.0,"Animation, Action, Adventure",7.7,83,150.07375000000002
Philadelphia,Jonathan Demme,1993,125.0,Drama,7.7,66,77.32
Tangled,Nathan Greno,2010,100.0,"Animation, Adventure, Comedy",7.7,71,150.07375000000002
Man on Fire,Tony Scott,2004,146.0,"Action, Crime, Drama",7.7,47,77.91
Birdman or (The Unexpected Virtue of Ignorance),Alejandro G. Iñárritu,2014,119.0,"Comedy, Drama",7.7,87,42.34
Deliverance,John Boorman,1972,109.0,"Adventure, Drama, Thriller",7.7,80,7.06
First Blood,Ted Kotcheff,1982,93.0,"Action, Adventure, Thriller",7.7,61,47.21
Sense and Sensibility,Ang Lee,1995,136.0,"Drama, Romance",7.7,84,43.18
Star Trek II: The Wrath of Khan,Nicholas Meyer,1982,113.0,"Action, Adventure, Sci-Fi",7.7,68,78.91
The Fault in Our Stars,Josh Boone,2014,126.0,"Drama, Romance",7.7,69,124.87
The Bourne Supremacy,Paul Greengrass,2004,108.0,"Action, Mystery, Thriller",7.7,73,150.07375000000002
Wreck-It Ralph,Rich Moore,2012,101.0,"Animation, Adventure, Comedy",7.7,72,150.07375000000002
Apollo 13,Ron Howard,1995,140.0,"Adventure, Drama, History",7.7,77,150.07375000000002
Midnight in Paris,Woody Allen,2011,94.0,"Comedy, Fantasy, Romance",7.7,81,56.82
Toy Story 4,Josh Cooley,2019,100.0,"Animation, Adventure, Comedy",7.7,84,150.07375000000002
Halloween,John Carpenter,1978,91.0,"Horror, Thriller",7.7,87,47.0
Another Round,Thomas Vinterberg,2020,117.0,Drama,7.7,79,0.0
The Machinist,Brad Anderson,2004,101.0,"Drama, Thriller",7.7,61,1.08
"O Brother, Where Art Thou?",Joel Coen,2000,107.0,"Adventure, Comedy, Crime",7.7,69,45.51
Crash,Paul Haggis,2004,112.0,"Crime, Drama, Thriller",7.7,66,54.58
What's Eating Gilbert Grape,Lasse Hallström,1993,118.0,Drama,7.7,73,9.17
The Magnificent Seven,John Sturges,1960,128.0,"Action, Adventure, Drama",7.7,74,4.91
The French Connection,William Friedkin,1971,104.0,"Action, Crime, Drama",7.7,94,15.63
Gravity,Alfonso Cuarón,2013,91.0,"Drama, Sci-Fi, Thriller",7.7,96,150.07375000000002
Donnie Brasco,Mike Newell,1997,127.0,"Biography, Crime, Drama",7.7,76,41.91
The Trial of the Chicago 7,Aaron Sorkin,2020,129.0,"Drama, History, Thriller",7.7,76,0.0
As Good as It Gets,James L. Brooks,1997,139.0,"Comedy, Drama, Romance",7.7,67,148.48
Road to Perdition,Sam Mendes,2002,117.0,"Crime, Drama, Thriller",7.7,72,104.45
The Boondock Saints,Troy Duffy,1999,108.0,"Action, Thriller",7.7,44,0.03
Naked,Mike Leigh,1993,131.0,"Comedy, Drama",7.7,85,1.77
Empire of the Sun,Steven Spielberg,1987,153.0,"Drama, War",7.7,62,22.24
The Color Purple,Steven Spielberg,1985,154.0,Drama,7.7,78,98.47
Sound of Metal,Darius Marder,2019,120.0,"Drama, Music",7.7,82,0.0
When Harry Met Sally...,Rob Reiner,1989,95.0,"Comedy, Drama, Romance",7.7,76,92.82
The Boy in the Striped Pajamas,Mark Herman,2008,94.0,"Drama, War",7.7,55,9.03
A Man Called Ove,Hannes Holm,2015,116.0,"Comedy, Drama, Romance",7.7,70,3.48
Star Trek Into Darkness,J.J. Abrams,2013,132.0,"Action, Adventure, Sci-Fi",7.7,72,150.07375000000002
Fried Green Tomatoes,Jon Avnet,1991,130.0,Drama,7.7,64,82.42
Kung Fu Hustle,Stephen Chow,2004,99.0,"Action, Comedy, Fantasy",7.7,78,17.11
Dirty Harry,Don Siegel,1971,102.0,"Action, Crime, Thriller",7.7,87,35.9
Serpico,Sidney Lumet,1973,130.0,"Biography, Crime, Drama",7.7,81,29.8
Detachment,Tony Kaye,2011,98.0,Drama,7.7,52,0.07
Happiness,Todd Solondz,1998,134.0,"Comedy, Drama",7.7,81,2.81
Being John Malkovich,Spike Jonze,1999,113.0,"Comedy, Drama, Fantasy",7.7,90,22.86
The Theory of Everything,James Marsh,2014,123.0,"Biography, Drama, Romance",7.7,71,35.89
The Dirty Dozen,Robert Aldrich,1967,150.0,"Action, Adventure, War",7.7,73,45.3
Lucky Number Slevin,Paul McGuigan,2006,110.0,"Crime, Drama, Thriller",7.7,53,22.49
Adaptation.,Spike Jonze,2002,115.0,"Comedy, Drama",7.7,83,22.25
Clerks,Kevin Smith,1994,92.0,Comedy,7.7,70,3.15
The Longest Day,Ken Annakin,1962,178.0,"Action, Drama, History",7.7,75,39.1
This Is England,Shane Meadows,2006,101.0,"Crime, Drama",7.7,86,0.33
Flipped,Rob Reiner,2010,90.0,"Comedy, Drama, Romance",7.7,45,1.75
The Name of the Rose,Jean-Jacques Annaud,1986,130.0,"Drama, Mystery, Thriller",7.7,54,7.15
Goldfinger,Guy Hamilton,1964,110.0,"Action, Adventure, Thriller",7.7,87,51.08
Ordinary People,Robert Redford,1980,124.0,Drama,7.7,86,54.8
"South Park: Bigger, Longer & Uncut",Trey Parker,1999,81.0,"Animation, Comedy, Fantasy",7.7,73,52.04
Bonnie and Clyde,Arthur Penn,1967,111.0,"Action, Biography, Crime",7.7,86,0.0
The Verdict,Sidney Lumet,1982,129.0,Drama,7.7,77,54.0
The Great Beauty,Paolo Sorrentino,2013,141.0,Drama,7.7,86,2.85
Malcolm X,Spike Lee,1992,190.5,"Biography, Drama, History",7.7,73,48.17
Billy Elliot,Stephen Daldry,2000,110.0,"Drama, Music",7.7,74,22.0
Miller's Crossing,Joel Coen,1990,115.0,"Crime, Drama, Thriller",7.7,66,5.08
Paprika,Satoshi Kon,2006,90.0,"Animation, Drama, Fantasy",7.7,81,0.88
The Wind Rises,Hayao Miyazaki,2013,126.0,"Animation, Biography, Drama",7.7,83,5.21
Ray,Taylor Hackford,2004,152.0,"Biography, Drama, Music",7.7,73,75.33
Roma,Alfonso Cuarón,2018,135.0,Drama,7.7,96,0.0
Joint Security Area,Park Chan-wook,2000,110.0,"Action, Drama, Thriller",7.7,58,0.0
Run Lola Run,Tom Tykwer,1998,80.0,"Action, Crime, Thriller",7.7,77,7.27
Belle de Jour,Luis Buñuel,1967,100.0,"Drama, Romance",7.7,0,0.03
The Last Emperor,Bernardo Bertolucci,1987,163.0,"Biography, Drama, History",7.7,76,43.98
Hard Boiled,John Woo,1992,128.0,"Action, Crime, Thriller",7.7,0,0.0
Kubo and the Two Strings,Travis Knight,2016,101.0,"Animation, Action, Adventure",7.7,84,48.02
Fantastic Planet,René Laloux,1973,72.0,"Animation, Sci-Fi",7.7,73,0.19
The Man from Nowhere,Jeong-beom Lee,2010,119.0,"Action, Crime, Drama",7.7,0,0.01
Mother,Bong Joon Ho,2009,129.0,"Crime, Drama, Mystery",7.7,79,0.55
Badlands,Terrence Malick,1973,94.0,"Action, Crime, Drama",7.7,93,0.0
The African Queen,John Huston,1951,105.0,"Adventure, Drama, Romance",7.7,91,0.54
Open Your Eyes,Alejandro Amenábar,1997,119.0,"Drama, Mystery, Sci-Fi",7.7,0,0.37
Beasts of No Nation,Cary Joji Fukunaga,2015,137.0,"Drama, War",7.7,79,0.08
Finding Neverland,Marc Forster,2004,106.0,"Biography, Drama, Family",7.7,67,51.68
Me and Earl and the Dying Girl,Alfonso Gomez-Rejon,2015,105.0,"Comedy, Drama, Romance",7.7,74,6.74
The Quiet Man,John Ford,1952,129.0,"Comedy, Drama, Romance",7.7,85,10.55
Happy Together,Kar-Wai Wong,1997,96.0,"Drama, Romance",7.7,70,0.19
Breathless,Jean-Luc Godard,1960,90.0,"Crime, Drama",7.7,0,0.34
Black Book,Paul Verhoeven,2006,145.0,"Drama, Thriller, War",7.7,71,4.4
Short Cuts,Robert Altman,1993,188.0,"Comedy, Drama",7.7,81,6.11
Hamlet,Kenneth Branagh,1996,190.5,Drama,7.7,0,4.41
Fantasia,James Algar,1940,124.0,"Animation, Family, Fantasy",7.7,96,76.41
Nebraska,Alexander Payne,2013,115.0,Drama,7.7,86,17.65
The Double Life of Véronique,Krzysztof Kieslowski,1991,98.0,"Drama, Fantasy, Music",7.7,86,2.0
Zulu,Cy Endfield,1964,138.0,"Drama, History, War",7.7,77,0.0
Waking Life,Richard Linklater,2001,99.0,"Animation, Drama, Fantasy",7.7,84,2.89
Porco Rosso,Hayao Miyazaki,1992,94.0,"Animation, Adventure, Comedy",7.7,83,0.0
The Vanishing,George Sluizer,1988,107.0,"Mystery, Thriller",7.7,0,0.0
Invasion of the Body Snatchers,Don Siegel,1956,80.0,"Drama, Horror, Sci-Fi",7.7,92,0.0
When Marnie Was There,Hiromasa Yonebayashi,2014,103.0,"Animation, Drama, Family",7.7,72,0.77
Hedwig and the Angry Inch,John Cameron Mitchell,2001,95.0,"Comedy, Drama, Music",7.7,85,3.03
Perfect Strangers,Paolo Genovese,2016,96.0,"Comedy, Drama",7.7,0,0.0
A Man for All Seasons,Fred Zinnemann,1966,120.0,"Biography, Drama, History",7.7,72,28.35
Night on Earth,Jim Jarmusch,1991,129.0,"Comedy, Drama",7.7,68,2.02
Black Narcissus,Michael Powell,1947,101.0,Drama,7.7,86,0.0
The Broken Circle Breakdown,Felix van Groeningen,2012,111.0,"Drama, Music, Romance",7.7,70,0.18
The Triplets of Belleville,Sylvain Chomet,2003,80.0,"Animation, Adventure, Comedy",7.7,91,7.0
Good Bye Lenin!,Wolfgang Becker,2003,121.0,"Comedy, Drama, Romance",7.7,68,4.06
The Little Prince,Mark Osborne,2015,108.0,"Animation, Adventure, Drama",7.7,70,1.34
Cape Fear,J. Lee Thompson,1962,106.0,"Drama, Thriller",7.7,76,0.0
Scarface,Howard Hawks,1932,93.0,"Action, Crime, Drama",7.7,90,0.0
Marty,Delbert Mann,1955,90.0,"Drama, Romance",7.7,0,0.0
The Motorcycle Diaries,Walter Salles,2004,126.0,"Adventure, Biography, Drama",7.7,75,16.78
The Lady Vanishes,Alfred Hitchcock,1938,96.0,"Mystery, Thriller",7.7,98,0.0
Down by Law,Jim Jarmusch,1986,107.0,"Comedy, Crime, Drama",7.7,75,1.44
The Caine Mutiny,Edward Dmytryk,1954,124.0,"Drama, War",7.7,63,21.75
Frost/Nixon,Ron Howard,2008,122.0,"Biography, Drama, History",7.7,80,18.59
Taste of Cherry,Abbas Kiarostami,1997,95.0,Drama,7.7,80,0.31
Key Largo,John Huston,1948,100.0,"Action, Crime, Drama",7.7,0,0.0
The Salesman,Asghar Farhadi,2016,124.0,"Drama, Thriller",7.7,85,2.4
Confessions,Tetsuya Nakashima,2010,106.0,"Drama, Thriller",7.7,0,0.0
Dreams,Akira Kurosawa,1990,119.0,"Drama, Fantasy",7.7,0,1.96
The Experiment,Oliver Hirschbiegel,2001,120.0,"Drama, Thriller",7.7,60,0.14
Evil,Mikael Håfström,2003,113.0,Drama,7.7,61,0.02
Adam's Apples,Anders Thomas Jensen,2005,94.0,"Comedy, Crime, Drama",7.7,51,0.0
The Girl Who Leapt Through Time,Mamoru Hosoda,2006,98.0,"Animation, Adventure, Comedy",7.7,66,0.0
The Magdalene Sisters,Peter Mullan,2002,114.0,Drama,7.7,83,4.89
After the Wedding,Susanne Bier,2006,120.0,Drama,7.7,78,0.41
In America,Jim Sheridan,2002,105.0,Drama,7.7,76,15.54
The Breadwinner,Nora Twomey,2017,94.0,"Animation, Drama, Family",7.7,78,0.31
Jules and Jim,François Truffaut,1962,105.0,"Drama, Romance",7.7,97,0.0
Love and Death,Woody Allen,1975,85.0,"Comedy, War",7.7,89,0.0
Fireworks,Takeshi Kitano,1997,103.0,"Crime, Drama, Romance",7.7,83,0.23
The Purple Rose of Cairo,Woody Allen,1985,82.0,"Comedy, Fantasy, Romance",7.7,75,10.63
The Muppet Christmas Carol,Brian Henson,1992,85.0,"Comedy, Drama, Family",7.7,64,27.28
The Past,Asghar Farhadi,2013,130.0,"Drama, Mystery",7.7,85,1.33
Zelig,Woody Allen,1983,79.0,Comedy,7.7,0,11.8
The Edge of Heaven,Fatih Akin,2007,122.0,Drama,7.7,85,0.74
Avatar: The Way of Water,James Cameron,2022,190.5,"Action, Adventure, Fantasy",7.6,67,150.07375000000002
Harry Potter and the Sorcerer's Stone,Chris Columbus,2001,152.0,"Adventure, Family, Fantasy",7.6,65,150.07375000000002
Once Upon a Time in Hollywood,Quentin Tarantino,2019,161.0,"Comedy, Drama",7.6,83,142.5
American Psycho,Mary Harron,2000,102.0,"Crime, Drama, Horror",7.6,64,15.07
The Fifth Element,Luc Besson,1997,126.0,"Action, Adventure, Sci-Fi",7.6,52,63.54
Superbad,Greg Mottola,2007,113.0,Comedy,7.6,76,121.46
The Royal Tenenbaums,Wes Anderson,2001,110.0,"Comedy, Drama",7.6,76,52.36
300,Zack Snyder,2006,117.0,"Action, Drama",7.6,52,150.07375000000002
Watchmen,Zack Snyder,2009,162.0,"Action, Drama, Mystery",7.6,56,107.51
Deadpool 2,David Leitch,2018,119.0,"Action, Adventure, Comedy",7.6,66,150.07375000000002
Guardians of the Galaxy Vol. 2,James Gunn,2017,136.0,"Action, Adventure, Comedy",7.6,67,150.07375000000002
Moana,Ron Clements,2016,107.0,"Animation, Adventure, Comedy",7.6,81,150.07375000000002
RoboCop,Paul Verhoeven,1987,102.0,"Action, Crime, Sci-Fi",7.6,70,53.42
Kick-Ass,Matthew Vaughn,2010,117.0,"Action, Comedy, Crime",7.6,66,48.07
Sicario,Denis Villeneuve,2015,121.0,"Action, Crime, Drama",7.6,82,46.89
My Cousin Vinny,Jonathan Lynn,1992,120.0,"Comedy, Crime",7.6,68,52.93
Rushmore,Wes Anderson,1998,93.0,"Comedy, Drama, Romance",7.6,86,17.11
Saw,James Wan,2004,103.0,"Horror, Mystery, Thriller",7.6,46,56.0
Office Space,Mike Judge,1999,89.0,Comedy,7.6,68,10.82
Moneyball,Bennett Miller,2011,133.0,"Biography, Drama, Sport",7.6,87,75.61
A Star Is Born,Bradley Cooper,2018,136.0,"Drama, Music, Romance",7.6,88,150.07375000000002
The Butterfly Effect,Eric Bress,2004,113.0,"Drama, Sci-Fi, Thriller",7.6,30,57.94
Inside Man,Spike Lee,2006,129.0,"Crime, Drama, Mystery",7.6,76,88.51
Star Wars: Episode III - Revenge of the Sith,George Lucas,2005,140.0,"Action, Adventure, Fantasy",7.6,68,150.07375000000002
Stardust,Matthew Vaughn,2007,127.0,"Adventure, Family, Fantasy",7.6,66,38.63
True Grit,Ethan Coen,2010,110.0,"Drama, Western",7.6,80,150.07375000000002
Kung Fu Panda,Mark Osborne,2008,92.0,"Animation, Action, Adventure",7.6,74,150.07375000000002
Minority Report,Steven Spielberg,2002,145.0,"Action, Crime, Mystery",7.6,80,132.07
Hell or High Water,David Mackenzie,2016,102.0,"Crime, Drama, Thriller",7.6,88,26.86
The Blind Side,John Lee Hancock,2009,129.0,"Biography, Drama, Sport",7.6,53,150.07375000000002
Eastern Promises,David Cronenberg,2007,100.0,"Crime, Drama, Thriller",7.6,83,17.11
The Others,Alejandro Amenábar,2001,104.0,"Horror, Mystery, Thriller",7.6,74,96.52
The Birds,Alfred Hitchcock,1963,119.0,"Drama, Horror, Mystery",7.6,90,11.4
Mulan,Tony Bancroft,1998,87.0,"Animation, Adventure, Comedy",7.6,71,120.62
The Fly,David Cronenberg,1986,96.0,"Drama, Horror, Sci-Fi",7.6,79,40.46
Lethal Weapon,Richard Donner,1987,109.0,"Action, Crime, Thriller",7.6,68,65.21
What We Do in the Shadows,Jemaine Clement,2014,86.0,"Comedy, Horror",7.6,76,3.33
The Mitchells vs the Machines,Michael Rianda,2021,114.0,"Animation, Adventure, Comedy",7.6,81,0.0
The Thin Red Line,Terrence Malick,1998,170.0,"Drama, History, War",7.6,78,36.4
Despicable Me,Pierre Coffin,2010,95.0,"Animation, Adventure, Comedy",7.6,72,150.07375000000002
Searching,Aneesh Chaganty,2018,102.0,"Drama, Mystery, Thriller",7.6,71,26.02
The Raid: Redemption,Gareth Evans,2011,101.0,"Action, Crime, Thriller",7.6,73,4.11
The Road Warrior,George Miller,1981,96.0,"Action, Adventure, Sci-Fi",7.6,77,12.47
Dark City,Alex Proyas,1998,100.0,"Fantasy, Mystery, Sci-Fi",7.6,66,14.38
Gone Baby Gone,Ben Affleck,2007,114.0,"Crime, Drama, Mystery",7.6,72,20.3
The Skin I Live In,Pedro Almodóvar,2011,120.0,"Drama, Horror, Mystery",7.6,70,3.19
Ponyo,Hayao Miyazaki,2008,101.0,"Animation, Adventure, Comedy",7.6,86,15.09
The Jungle Book,Wolfgang Reitherman,1967,78.0,"Animation, Adventure, Comedy",7.6,65,141.84
Enter the Dragon,Robert Clouse,1973,102.0,"Action, Crime, Thriller",7.6,83,25.0
End of Watch,David Ayer,2012,109.0,"Action, Adventure, Crime",7.6,68,41.0
Dark Waters,Todd Haynes,2019,126.0,"Biography, Drama, History",7.6,73,0.0
Dawn of the Planet of the Apes,Matt Reeves,2014,130.0,"Action, Adventure, Drama",7.6,79,150.07375000000002
I Am Sam,Jessie Nelson,2001,132.0,Drama,7.6,28,40.31
Match Point,Woody Allen,2005,124.0,"Drama, Romance, Thriller",7.6,72,23.09
The Bridges of Madison County,Clint Eastwood,1995,135.0,"Drama, Romance",7.6,69,71.52
After Hours,Martin Scorsese,1985,97.0,"Comedy, Crime, Drama",7.6,90,10.6
Sabrina,Billy Wilder,1954,113.0,"Comedy, Drama, Romance",7.6,72,0.0
Die Hard with a Vengeance,John McTiernan,1995,128.0,"Action, Adventure, Thriller",7.6,58,100.01
Rebel Without a Cause,Nicholas Ray,1955,111.0,Drama,7.6,89,0.0
Snow White and the Seven Dwarfs,William Cottrell,1937,83.0,"Animation, Adventure, Family",7.6,96,150.07375000000002
From Here to Eternity,Fred Zinnemann,1953,118.0,"Drama, Romance, War",7.6,85,30.5
50/50,Jonathan Levine,2011,100.0,"Comedy, Drama, Romance",7.6,72,35.01
Barton Fink,Joel Coen,1991,116.0,"Comedy, Drama, Thriller",7.6,69,6.15
21 Grams,Alejandro G. Iñárritu,2003,124.0,"Crime, Drama, Thriller",7.6,70,16.29
United 93,Paul Greengrass,2006,111.0,"Action, Drama, History",7.6,90,31.57
The Last King of Scotland,Kevin Macdonald,2006,123.0,"Biography, Drama, History",7.6,74,17.61
25th Hour,Spike Lee,2002,135.0,Drama,7.6,69,13.06
The Taking of Pelham One Two Three,Joseph Sargent,1974,104.0,"Action, Crime, Thriller",7.6,68,2.49
Control,Anton Corbijn,2007,122.0,"Biography, Drama, Music",7.6,78,0.87
A Very Long Engagement,Jean-Pierre Jeunet,2004,133.0,"Drama, Mystery, Romance",7.6,76,6.17
Shine,Scott Hicks,1996,105.0,"Biography, Drama, Music",7.6,87,35.81
Philomena,Stephen Frears,2013,98.0,"Biography, Comedy, Drama",7.6,77,37.71
The Invisible Man,James Whale,1933,71.0,"Horror, Sci-Fi",7.6,87,0.0
Cell 211,Daniel Monzón,2009,113.0,"Action, Crime, Drama",7.6,0,0.0
